date_index,date_string,has_int,year,sex_year,month_x,day,gz,lp,intercalary_x,cal_stream,dyn_id,ruler_id,era_id,era_start_year,era_end_year,era_start_jdn,era_end_jdn,error_str,ind_year,year_gz,month_y,intercalary_y,nmd_jdn,hui_jdn,max_day,hui_gz,nmd_gz
0,庚午年三月八日,0,5,7,3,8,,,0,1,46.0,3647.0,59.0,126,132.0,1767119.5,1769376.5,,130,7,1,0,1768566.5,1768595.5,30.0,己丑,57
0,庚午年三月八日,0,5,7,3,8,,,0,1,46.0,3647.0,59.0,126,132.0,1767119.5,1769376.5,,130,7,2,0,1768596.5,1768624.5,29.0,戊午,27
0,庚午年三月八日,0,5,7,3,8,,,0,1,46.0,3647.0,59.0,126,132.0,1767119.5,1769376.5,,130,7,3,0,1768625.5,1768654.5,30.0,戊子,56
0,庚午年三月八日,0,5,7,3,8,,,0,1,46.0,3647.0,59.0,126,132.0,1767119.5,1769376.5,,130,7,3,1,1768655.5,1768683.5,29.0,丁巳,26
0,庚午年三月八日,0,5,7,3,8,,,0,1,46.0,3647.0,59.0,126,132.0,1767119.5,1769376.5,,130,7,4,0,1768684.5,1768713.5,30.0,丁亥,55
0,庚午年三月八日,0,5,7,3,8,,,0,1,46.0,3647.0,59.0,126,132.0,1767119.5,1769376.5,,130,7,5,0,1768714.5,1768742.5,29.0,丙辰,25
0,庚午年三月八日,0,5,7,3,8,,,0,1,46.0,3647.0,59.0,126,132.0,1767119.5,1769376.5,,130,7,6,0,1768743.5,1768772.5,30.0,丙戌,54
0,庚午年三月八日,0,5,7,3,8,,,0,1,46.0,3647.0,59.0,126,132.0,1767119.5,1769376.5,,130,7,7,0,1768773.5,1768801.5,29.0,乙卯,24
0,庚午年三月八日,0,5,7,3,8,,,0,1,46.0,3647.0,59.0,126,132.0,1767119.5,1769376.5,,130,7,8,0,1768802.5,1768831.5,30.0,乙酉,53
0,庚午年三月八日,0,5,7,3,8,,,0,1,46.0,3647.0,59.0,126,132.0,1767119.5,1769376.5,,130,7,9,0,1768832.5,1768861.5,30.0,乙卯,23
0,庚午年三月八日,0,5,7,3,8,,,0,1,46.0,3647.0,59.0,126,132.0,1767119.5,1769376.5,,130,7,10,0,1768862.5,1768890.5,29.0,甲申,53
0,庚午年三月八日,0,5,7,3,8,,,0,1,46.0,3647.0,59.0,126,132.0,1767119.5,1769376.5,,130,7,11,0,1768891.5,1768920.5,30.0,甲寅,22
0,庚午年三月八日,0,5,7,3,8,,,0,1,46.0,3647.0,59.0,126,132.0,1767119.5,1769376.5,,130,7,12,0,1768921.5,1768949.5,29.0,癸未,52
0,庚午年三月八日,0,5,7,3,8,,,1,1,46.0,3647.0,59.0,126,132.0,1767119.5,1769376.5,,130,7,1,0,1768566.5,1768595.5,30.0,己丑,57
0,庚午年三月八日,0,5,7,3,8,,,1,1,46.0,3647.0,59.0,126,132.0,1767119.5,1769376.5,,130,7,2,0,1768596.5,1768624.5,29.0,戊午,27
0,庚午年三月八日,0,5,7,3,8,,,1,1,46.0,3647.0,59.0,126,132.0,1767119.5,1769376.5,,130,7,3,0,1768625.5,1768654.5,30.0,戊子,56
0,庚午年三月八日,0,5,7,3,8,,,1,1,46.0,3647.0,59.0,126,132.0,1767119.5,1769376.5,,130,7,3,1,1768655.5,1768683.5,29.0,丁巳,26
0,庚午年三月八日,0,5,7,3,8,,,1,1,46.0,3647.0,59.0,126,132.0,1767119.5,1769376.5,,130,7,4,0,1768684.5,1768713.5,30.0,丁亥,55
0,庚午年三月八日,0,5,7,3,8,,,1,1,46.0,3647.0,59.0,126,132.0,1767119.5,1769376.5,,130,7,5,0,1768714.5,1768742.5,29.0,丙辰,25
0,庚午年三月八日,0,5,7,3,8,,,1,1,46.0,3647.0,59.0,126,132.0,1767119.5,1769376.5,,130,7,6,0,1768743.5,1768772.5,30.0,丙戌,54
0,庚午年三月八日,0,5,7,3,8,,,1,1,46.0,3647.0,59.0,126,132.0,1767119.5,1769376.5,,130,7,7,0,1768773.5,1768801.5,29.0,乙卯,24
0,庚午年三月八日,0,5,7,3,8,,,1,1,46.0,3647.0,59.0,126,132.0,1767119.5,1769376.5,,130,7,8,0,1768802.5,1768831.5,30.0,乙酉,53
0,庚午年三月八日,0,5,7,3,8,,,1,1,46.0,3647.0,59.0,126,132.0,1767119.5,1769376.5,,130,7,9,0,1768832.5,1768861.5,30.0,乙卯,23
0,庚午年三月八日,0,5,7,3,8,,,1,1,46.0,3647.0,59.0,126,132.0,1767119.5,1769376.5,,130,7,10,0,1768862.5,1768890.5,29.0,甲申,53
0,庚午年三月八日,0,5,7,3,8,,,1,1,46.0,3647.0,59.0,126,132.0,1767119.5,1769376.5,,130,7,11,0,1768891.5,1768920.5,30.0,甲寅,22
0,庚午年三月八日,0,5,7,3,8,,,1,1,46.0,3647.0,59.0,126,132.0,1767119.5,1769376.5,,130,7,12,0,1768921.5,1768949.5,29.0,癸未,52
0,庚午年三月八日,0,1,7,3,8,,,0,1,46.0,3656.0,80.0,190,193.0,1790508.5,1791967.5,,190,7,1,0,1790508.5,1790536.5,29.0,庚午,39
0,庚午年三月八日,0,1,7,3,8,,,0,1,46.0,3656.0,80.0,190,193.0,1790508.5,1791967.5,,190,7,2,0,1790537.5,1790566.5,30.0,庚子,8
0,庚午年三月八日,0,1,7,3,8,,,0,1,46.0,3656.0,80.0,190,193.0,1790508.5,1791967.5,,190,7,3,0,1790567.5,1790595.5,29.0,己巳,38
0,庚午年三月八日,0,1,7,3,8,,,0,1,46.0,3656.0,80.0,190,193.0,1790508.5,1791967.5,,190,7,4,0,1790596.5,1790625.5,30.0,己亥,7
0,庚午年三月八日,0,1,7,3,8,,,0,1,46.0,3656.0,80.0,190,193.0,1790508.5,1791967.5,,190,7,5,0,1790626.5,1790654.5,29.0,戊辰,37
0,庚午年三月八日,0,1,7,3,8,,,0,1,46.0,3656.0,80.0,190,193.0,1790508.5,1791967.5,,190,7,6,0,1790655.5,1790684.5,30.0,戊戌,6
0,庚午年三月八日,0,1,7,3,8,,,0,1,46.0,3656.0,80.0,190,193.0,1790508.5,1791967.5,,190,7,7,0,1790685.5,1790713.5,29.0,丁卯,36
0,庚午年三月八日,0,1,7,3,8,,,0,1,46.0,3656.0,80.0,190,193.0,1790508.5,1791967.5,,190,7,8,0,1790714.5,1790743.5,30.0,丁酉,5
0,庚午年三月八日,0,1,7,3,8,,,0,1,46.0,3656.0,80.0,190,193.0,1790508.5,1791967.5,,190,7,9,0,1790744.5,1790772.5,29.0,丙寅,35
0,庚午年三月八日,0,1,7,3,8,,,0,1,46.0,3656.0,80.0,190,193.0,1790508.5,1791967.5,,190,7,10,0,1790773.5,1790802.5,30.0,丙申,4
0,庚午年三月八日,0,1,7,3,8,,,0,1,46.0,3656.0,80.0,190,193.0,1790508.5,1791967.5,,190,7,11,0,1790803.5,1790831.5,29.0,乙丑,34
0,庚午年三月八日,0,1,7,3,8,,,0,1,46.0,3656.0,80.0,190,193.0,1790508.5,1791967.5,,190,7,12,0,1790832.5,1790861.5,30.0,乙未,3
0,庚午年三月八日,0,13,7,3,8,,,0,1,46.0,3854.0,47.0,58,75.0,1742285.5,1748870.5,,70,7,1,0,1746655.5,1746684.5,30.0,戊寅,46
0,庚午年三月八日,0,13,7,3,8,,,0,1,46.0,3854.0,47.0,58,75.0,1742285.5,1748870.5,,70,7,2,0,1746685.5,1746713.5,29.0,丁未,16
0,庚午年三月八日,0,13,7,3,8,,,0,1,46.0,3854.0,47.0,58,75.0,1742285.5,1748870.5,,70,7,3,0,1746714.5,1746743.5,30.0,丁丑,45
0,庚午年三月八日,0,13,7,3,8,,,0,1,46.0,3854.0,47.0,58,75.0,1742285.5,1748870.5,,70,7,4,0,1746744.5,1746772.5,29.0,丙午,15
0,庚午年三月八日,0,13,7,3,8,,,0,1,46.0,3854.0,47.0,58,75.0,1742285.5,1748870.5,,70,7,5,0,1746773.5,1746802.5,30.0,丙子,44
0,庚午年三月八日,0,13,7,3,8,,,0,1,46.0,3854.0,47.0,58,75.0,1742285.5,1748870.5,,70,7,6,0,1746803.5,1746831.5,29.0,乙巳,14
0,庚午年三月八日,0,13,7,3,8,,,0,1,46.0,3854.0,47.0,58,75.0,1742285.5,1748870.5,,70,7,7,0,1746832.5,1746861.5,30.0,乙亥,43
0,庚午年三月八日,0,13,7,3,8,,,0,1,46.0,3854.0,47.0,58,75.0,1742285.5,1748870.5,,70,7,7,1,1746862.5,1746890.5,29.0,甲辰,13
0,庚午年三月八日,0,13,7,3,8,,,0,1,46.0,3854.0,47.0,58,75.0,1742285.5,1748870.5,,70,7,8,0,1746891.5,1746920.5,30.0,甲戌,42
0,庚午年三月八日,0,13,7,3,8,,,0,1,46.0,3854.0,47.0,58,75.0,1742285.5,1748870.5,,70,7,9,0,1746921.5,1746949.5,29.0,癸卯,12
0,庚午年三月八日,0,13,7,3,8,,,0,1,46.0,3854.0,47.0,58,75.0,1742285.5,1748870.5,,70,7,10,0,1746950.5,1746979.5,30.0,癸酉,41
0,庚午年三月八日,0,13,7,3,8,,,0,1,46.0,3854.0,47.0,58,75.0,1742285.5,1748870.5,,70,7,11,0,1746980.5,1747008.5,29.0,壬寅,11
0,庚午年三月八日,0,13,7,3,8,,,0,1,46.0,3854.0,47.0,58,75.0,1742285.5,1748870.5,,70,7,12,0,1747009.5,1747038.5,30.0,壬申,40
0,庚午年三月八日,0,2,7,3,8,,,0,1,48.0,3657.0,89.0,249,254.0,1812124.5,1813925.5,,250,7,1,0,1812419.5,1812447.5,29.0,辛巳,50
0,庚午年三月八日,0,2,7,3,8,,,0,1,48.0,3657.0,89.0,249,254.0,1812124.5,1813925.5,,250,7,2,0,1812448.5,1812477.5,30.0,辛亥,19
0,庚午年三月八日,0,2,7,3,8,,,0,1,48.0,3657.0,89.0,249,254.0,1812124.5,1813925.5,,250,7,3,0,1812478.5,1812506.5,29.0,庚辰,49
0,庚午年三月八日,0,2,7,3,8,,,0,1,48.0,3657.0,89.0,249,254.0,1812124.5,1813925.5,,250,7,4,0,1812507.5,1812536.5,30.0,庚戌,18
0,庚午年三月八日,0,2,7,3,8,,,0,1,48.0,3657.0,89.0,249,254.0,1812124.5,1813925.5,,250,7,5,0,1812537.5,1812565.5,29.0,己卯,48
0,庚午年三月八日,0,2,7,3,8,,,0,1,48.0,3657.0,89.0,249,254.0,1812124.5,1813925.5,,250,7,6,0,1812566.5,1812595.5,30.0,己酉,17
0,庚午年三月八日,0,2,7,3,8,,,0,1,48.0,3657.0,89.0,249,254.0,1812124.5,1813925.5,,250,7,7,0,1812596.5,1812625.5,30.0,己卯,47
0,庚午年三月八日,0,2,7,3,8,,,0,1,48.0,3657.0,89.0,249,254.0,1812124.5,1813925.5,,250,7,8,0,1812626.5,1812654.5,29.0,戊申,17
0,庚午年三月八日,0,2,7,3,8,,,0,1,48.0,3657.0,89.0,249,254.0,1812124.5,1813925.5,,250,7,9,0,1812655.5,1812684.5,30.0,戊寅,46
0,庚午年三月八日,0,2,7,3,8,,,0,1,48.0,3657.0,89.0,249,254.0,1812124.5,1813925.5,,250,7,10,0,1812685.5,1812713.5,29.0,丁未,16
0,庚午年三月八日,0,2,7,3,8,,,0,1,48.0,3657.0,89.0,249,254.0,1812124.5,1813925.5,,250,7,11,0,1812714.5,1812743.5,30.0,丁丑,45
0,庚午年三月八日,0,2,7,3,8,,,0,1,48.0,3657.0,89.0,249,254.0,1812124.5,1813925.5,,250,7,12,0,1812744.5,1812772.5,29.0,丙午,15
0,庚午年三月八日,0,4,7,3,8,,,0,1,51.0,3662.0,130.0,307,313.0,1833239.5,1835538.5,,310,7,1,0,1834331.5,1834359.5,29.0,癸巳,2
0,庚午年三月八日,0,4,7,3,8,,,0,1,51.0,3662.0,130.0,307,313.0,1833239.5,1835538.5,,310,7,2,0,1834360.5,1834389.5,30.0,ERROR,31
0,庚午年三月八日,0,4,7,3,8,,,0,1,51.0,3662.0,130.0,307,313.0,1833239.5,1835538.5,,310,7,3,0,1834390.5,1834418.5,29.0,壬辰,1
0,庚午年三月八日,0,4,7,3,8,,,0,1,51.0,3662.0,130.0,307,313.0,1833239.5,1835538.5,,310,7,4,0,1834419.5,1834448.5,30.0,壬戌,30
0,庚午年三月八日,0,4,7,3,8,,,0,1,51.0,3662.0,130.0,307,313.0,1833239.5,1835538.5,,310,7,5,0,1834449.5,1834477.5,29.0,辛卯,60
0,庚午年三月八日,0,4,7,3,8,,,0,1,51.0,3662.0,130.0,307,313.0,1833239.5,1835538.5,,310,7,6,0,1834478.5,1834507.5,30.0,辛酉,29
0,庚午年三月八日,0,4,7,3,8,,,0,1,51.0,3662.0,130.0,307,313.0,1833239.5,1835538.5,,310,7,7,0,1834508.5,1834536.5,29.0,庚寅,59
0,庚午年三月八日,0,4,7,3,8,,,0,1,51.0,3662.0,130.0,307,313.0,1833239.5,1835538.5,,310,7,8,0,1834537.5,1834566.5,30.0,庚申,28
0,庚午年三月八日,0,4,7,3,8,,,0,1,51.0,3662.0,130.0,307,313.0,1833239.5,1835538.5,,310,7,9,0,1834567.5,1834595.5,29.0,己丑,58
0,庚午年三月八日,0,4,7,3,8,,,0,1,51.0,3662.0,130.0,307,313.0,1833239.5,1835538.5,,310,7,10,0,1834596.5,1834625.5,30.0,己未,27
0,庚午年三月八日,0,4,7,3,8,,,0,1,51.0,3662.0,130.0,307,313.0,1833239.5,1835538.5,,310,7,11,0,1834626.5,1834654.5,29.0,戊子,57
0,庚午年三月八日,0,4,7,3,8,,,0,1,51.0,3662.0,130.0,307,313.0,1833239.5,1835538.5,,310,7,12,0,1834655.5,1834684.5,30.0,戊午,26
0,庚午年三月八日,0,5,7,3,8,,,0,1,51.0,3665.0,143.0,366,371.0,1854766.5,1856941.5,,370,7,1,0,1856242.5,1856271.5,30.0,乙巳,13
0,庚午年三月八日,0,5,7,3,8,,,0,1,51.0,3665.0,143.0,366,371.0,1854766.5,1856941.5,,370,7,2,0,1856272.5,1856300.5,29.0,甲戌,43
0,庚午年三月八日,0,5,7,3,8,,,0,1,51.0,3665.0,143.0,366,371.0,1854766.5,1856941.5,,370,7,3,0,1856301.5,1856330.5,30.0,甲辰,12
0,庚午年三月八日,0,5,7,3,8,,,0,1,51.0,3665.0,143.0,366,371.0,1854766.5,1856941.5,,370,7,4,0,1856331.5,1856359.5,29.0,癸酉,42
0,庚午年三月八日,0,5,7,3,8,,,0,1,51.0,3665.0,143.0,366,371.0,1854766.5,1856941.5,,370,7,5,0,1856360.5,1856389.5,30.0,癸卯,11
0,庚午年三月八日,0,5,7,3,8,,,0,1,51.0,3665.0,143.0,366,371.0,1854766.5,1856941.5,,370,7,6,0,1856390.5,1856418.5,29.0,壬申,41
0,庚午年三月八日,0,5,7,3,8,,,0,1,51.0,3665.0,143.0,366,371.0,1854766.5,1856941.5,,370,7,7,0,1856419.5,1856448.5,30.0,壬寅,10
0,庚午年三月八日,0,5,7,3,8,,,0,1,51.0,3665.0,143.0,366,371.0,1854766.5,1856941.5,,370,7,8,0,1856449.5,1856477.5,29.0,辛未,40
0,庚午年三月八日,0,5,7,3,8,,,0,1,51.0,3665.0,143.0,366,371.0,1854766.5,1856941.5,,370,7,9,0,1856478.5,1856507.5,30.0,辛丑,9
0,庚午年三月八日,0,5,7,3,8,,,0,1,51.0,3665.0,143.0,366,371.0,1854766.5,1856941.5,,370,7,10,0,1856508.5,1856537.5,30.0,辛未,39
0,庚午年三月八日,0,5,7,3,8,,,0,1,51.0,3665.0,143.0,366,371.0,1854766.5,1856941.5,,370,7,11,0,1856538.5,1856566.5,29.0,庚子,9
0,庚午年三月八日,0,5,7,3,8,,,0,1,51.0,3665.0,143.0,366,371.0,1854766.5,1856941.5,,370,7,12,0,1856567.5,1856596.5,30.0,庚午,38
0,庚午年三月八日,0,2,7,3,8,,,0,1,54.0,264.0,153.0,309,310.0,1834094.5,1834508.5,,310,7,1,0,1834331.5,1834359.5,29.0,癸巳,2
0,庚午年三月八日,0,2,7,3,8,,,0,1,54.0,264.0,153.0,309,310.0,1834094.5,1834508.5,,310,7,2,0,1834360.5,1834389.5,30.0,ERROR,31
0,庚午年三月八日,0,2,7,3,8,,,0,1,54.0,264.0,153.0,309,310.0,1834094.5,1834508.5,,310,7,3,0,1834390.5,1834418.5,29.0,壬辰,1
0,庚午年三月八日,0,2,7,3,8,,,0,1,54.0,264.0,153.0,309,310.0,1834094.5,1834508.5,,310,7,4,0,1834419.5,1834448.5,30.0,壬戌,30
0,庚午年三月八日,0,2,7,3,8,,,0,1,54.0,264.0,153.0,309,310.0,1834094.5,1834508.5,,310,7,5,0,1834449.5,1834477.5,29.0,辛卯,60
0,庚午年三月八日,0,2,7,3,8,,,0,1,54.0,264.0,153.0,309,310.0,1834094.5,1834508.5,,310,7,6,0,1834478.5,1834507.5,30.0,辛酉,29
0,庚午年三月八日,0,2,7,3,8,,,0,1,54.0,264.0,153.0,309,310.0,1834094.5,1834508.5,,310,7,7,0,1834508.5,1834536.5,29.0,庚寅,59
0,庚午年三月八日,0,2,7,3,8,,,0,1,54.0,264.0,153.0,309,310.0,1834094.5,1834508.5,,310,7,8,0,1834537.5,1834566.5,30.0,庚申,28
0,庚午年三月八日,0,2,7,3,8,,,0,1,54.0,264.0,153.0,309,310.0,1834094.5,1834508.5,,310,7,9,0,1834567.5,1834595.5,29.0,己丑,58
0,庚午年三月八日,0,2,7,3,8,,,0,1,54.0,264.0,153.0,309,310.0,1834094.5,1834508.5,,310,7,10,0,1834596.5,1834625.5,30.0,己未,27
0,庚午年三月八日,0,2,7,3,8,,,0,1,54.0,264.0,153.0,309,310.0,1834094.5,1834508.5,,310,7,11,0,1834626.5,1834654.5,29.0,戊子,57
0,庚午年三月八日,0,2,7,3,8,,,0,1,54.0,264.0,153.0,309,310.0,1834094.5,1834508.5,,310,7,12,0,1834655.5,1834684.5,30.0,戊午,26
0,庚午年三月八日,0,5,7,3,8,,,0,1,56.0,3009.0,163.0,306,310.0,1832647.5,1834685.5,,310,7,1,0,1834331.5,1834359.5,29.0,癸巳,2
0,庚午年三月八日,0,5,7,3,8,,,0,1,56.0,3009.0,163.0,306,310.0,1832647.5,1834685.5,,310,7,2,0,1834360.5,1834389.5,30.0,ERROR,31
0,庚午年三月八日,0,5,7,3,8,,,0,1,56.0,3009.0,163.0,306,310.0,1832647.5,1834685.5,,310,7,3,0,1834390.5,1834418.5,29.0,壬辰,1
0,庚午年三月八日,0,5,7,3,8,,,0,1,56.0,3009.0,163.0,306,310.0,1832647.5,1834685.5,,310,7,4,0,1834419.5,1834448.5,30.0,壬戌,30
0,庚午年三月八日,0,5,7,3,8,,,0,1,56.0,3009.0,163.0,306,310.0,1832647.5,1834685.5,,310,7,5,0,1834449.5,1834477.5,29.0,辛卯,60
0,庚午年三月八日,0,5,7,3,8,,,0,1,56.0,3009.0,163.0,306,310.0,1832647.5,1834685.5,,310,7,6,0,1834478.5,1834507.5,30.0,辛酉,29
0,庚午年三月八日,0,5,7,3,8,,,0,1,56.0,3009.0,163.0,306,310.0,1832647.5,1834685.5,,310,7,7,0,1834508.5,1834536.5,29.0,庚寅,59
0,庚午年三月八日,0,5,7,3,8,,,0,1,56.0,3009.0,163.0,306,310.0,1832647.5,1834685.5,,310,7,8,0,1834537.5,1834566.5,30.0,庚申,28
0,庚午年三月八日,0,5,7,3,8,,,0,1,56.0,3009.0,163.0,306,310.0,1832647.5,1834685.5,,310,7,9,0,1834567.5,1834595.5,29.0,己丑,58
0,庚午年三月八日,0,5,7,3,8,,,0,1,56.0,3009.0,163.0,306,310.0,1832647.5,1834685.5,,310,7,10,0,1834596.5,1834625.5,30.0,己未,27
0,庚午年三月八日,0,5,7,3,8,,,0,1,56.0,3009.0,163.0,306,310.0,1832647.5,1834685.5,,310,7,11,0,1834626.5,1834654.5,29.0,戊子,57
0,庚午年三月八日,0,5,7,3,8,,,0,1,56.0,3009.0,163.0,306,310.0,1832647.5,1834685.5,,310,7,12,0,1834655.5,1834684.5,30.0,戊午,26
0,庚午年三月八日,0,14,7,3,8,,,0,1,58.0,275.0,183.0,357,371.0,1853880.5,1856981.5,,370,7,1,0,1856242.5,1856271.5,30.0,乙巳,13
0,庚午年三月八日,0,14,7,3,8,,,0,1,58.0,275.0,183.0,357,371.0,1853880.5,1856981.5,,370,7,2,0,1856272.5,1856300.5,29.0,甲戌,43
0,庚午年三月八日,0,14,7,3,8,,,0,1,58.0,275.0,183.0,357,371.0,1853880.5,1856981.5,,370,7,3,0,1856301.5,1856330.5,30.0,甲辰,12
0,庚午年三月八日,0,14,7,3,8,,,0,1,58.0,275.0,183.0,357,371.0,1853880.5,1856981.5,,370,7,4,0,1856331.5,1856359.5,29.0,癸酉,42
0,庚午年三月八日,0,14,7,3,8,,,0,1,58.0,275.0,183.0,357,371.0,1853880.5,1856981.5,,370,7,5,0,1856360.5,1856389.5,30.0,癸卯,11
0,庚午年三月八日,0,14,7,3,8,,,0,1,58.0,275.0,183.0,357,371.0,1853880.5,1856981.5,,370,7,6,0,1856390.5,1856418.5,29.0,壬申,41
0,庚午年三月八日,0,14,7,3,8,,,0,1,58.0,275.0,183.0,357,371.0,1853880.5,1856981.5,,370,7,7,0,1856419.5,1856448.5,30.0,壬寅,10
0,庚午年三月八日,0,14,7,3,8,,,0,1,58.0,275.0,183.0,357,371.0,1853880.5,1856981.5,,370,7,8,0,1856449.5,1856477.5,29.0,辛未,40
0,庚午年三月八日,0,14,7,3,8,,,0,1,58.0,275.0,183.0,357,371.0,1853880.5,1856981.5,,370,7,9,0,1856478.5,1856507.5,30.0,辛丑,9
0,庚午年三月八日,0,14,7,3,8,,,0,1,58.0,275.0,183.0,357,371.0,1853880.5,1856981.5,,370,7,10,0,1856508.5,1856537.5,30.0,辛未,39
0,庚午年三月八日,0,14,7,3,8,,,0,1,58.0,275.0,183.0,357,371.0,1853880.5,1856981.5,,370,7,11,0,1856538.5,1856566.5,29.0,庚子,9
0,庚午年三月八日,0,14,7,3,8,,,0,1,58.0,275.0,183.0,357,371.0,1853880.5,1856981.5,,370,7,12,0,1856567.5,1856596.5,30.0,庚午,38
0,庚午年三月八日,0,11,7,3,8,,,0,1,59.0,4001.0,190.0,360,370.0,1852580.5,1856538.5,,370,7,1,0,1856242.5,1856271.5,30.0,乙巳,13
0,庚午年三月八日,0,11,7,3,8,,,0,1,59.0,4001.0,190.0,360,370.0,1852580.5,1856538.5,,370,7,2,0,1856272.5,1856300.5,29.0,甲戌,43
0,庚午年三月八日,0,11,7,3,8,,,0,1,59.0,4001.0,190.0,360,370.0,1852580.5,1856538.5,,370,7,3,0,1856301.5,1856330.5,30.0,甲辰,12
0,庚午年三月八日,0,11,7,3,8,,,0,1,59.0,4001.0,190.0,360,370.0,1852580.5,1856538.5,,370,7,4,0,1856331.5,1856359.5,29.0,癸酉,42
0,庚午年三月八日,0,11,7,3,8,,,0,1,59.0,4001.0,190.0,360,370.0,1852580.5,1856538.5,,370,7,5,0,1856360.5,1856389.5,30.0,癸卯,11
0,庚午年三月八日,0,11,7,3,8,,,0,1,59.0,4001.0,190.0,360,370.0,1852580.5,1856538.5,,370,7,6,0,1856390.5,1856418.5,29.0,壬申,41
0,庚午年三月八日,0,11,7,3,8,,,0,1,59.0,4001.0,190.0,360,370.0,1852580.5,1856538.5,,370,7,7,0,1856419.5,1856448.5,30.0,壬寅,10
0,庚午年三月八日,0,11,7,3,8,,,0,1,59.0,4001.0,190.0,360,370.0,1852580.5,1856538.5,,370,7,8,0,1856449.5,1856477.5,29.0,辛未,40
0,庚午年三月八日,0,11,7,3,8,,,0,1,59.0,4001.0,190.0,360,370.0,1852580.5,1856538.5,,370,7,9,0,1856478.5,1856507.5,30.0,辛丑,9
0,庚午年三月八日,0,11,7,3,8,,,0,1,59.0,4001.0,190.0,360,370.0,1852580.5,1856538.5,,370,7,10,0,1856508.5,1856537.5,30.0,辛未,39
0,庚午年三月八日,0,11,7,3,8,,,0,1,59.0,4001.0,190.0,360,370.0,1852580.5,1856538.5,,370,7,11,0,1856538.5,1856566.5,29.0,庚子,9
0,庚午年三月八日,0,11,7,3,8,,,0,1,59.0,4001.0,190.0,360,370.0,1852580.5,1856538.5,,370,7,12,0,1856567.5,1856596.5,30.0,庚午,38
0,庚午年三月八日,0,6,7,3,8,,,0,1,62.0,4326.0,197.0,365,385.0,1854411.5,1861942.5,,370,7,1,0,1856242.5,1856271.5,30.0,乙巳,13
0,庚午年三月八日,0,6,7,3,8,,,0,1,62.0,4326.0,197.0,365,385.0,1854411.5,1861942.5,,370,7,2,0,1856272.5,1856300.5,29.0,甲戌,43
0,庚午年三月八日,0,6,7,3,8,,,0,1,62.0,4326.0,197.0,365,385.0,1854411.5,1861942.5,,370,7,3,0,1856301.5,1856330.5,30.0,甲辰,12
0,庚午年三月八日,0,6,7,3,8,,,0,1,62.0,4326.0,197.0,365,385.0,1854411.5,1861942.5,,370,7,4,0,1856331.5,1856359.5,29.0,癸酉,42
0,庚午年三月八日,0,6,7,3,8,,,0,1,62.0,4326.0,197.0,365,385.0,1854411.5,1861942.5,,370,7,5,0,1856360.5,1856389.5,30.0,癸卯,11
0,庚午年三月八日,0,6,7,3,8,,,0,1,62.0,4326.0,197.0,365,385.0,1854411.5,1861942.5,,370,7,6,0,1856390.5,1856418.5,29.0,壬申,41
0,庚午年三月八日,0,6,7,3,8,,,0,1,62.0,4326.0,197.0,365,385.0,1854411.5,1861942.5,,370,7,7,0,1856419.5,1856448.5,30.0,壬寅,10
0,庚午年三月八日,0,6,7,3,8,,,0,1,62.0,4326.0,197.0,365,385.0,1854411.5,1861942.5,,370,7,8,0,1856449.5,1856477.5,29.0,辛未,40
0,庚午年三月八日,0,6,7,3,8,,,0,1,62.0,4326.0,197.0,365,385.0,1854411.5,1861942.5,,370,7,9,0,1856478.5,1856507.5,30.0,辛丑,9
0,庚午年三月八日,0,6,7,3,8,,,0,1,62.0,4326.0,197.0,365,385.0,1854411.5,1861942.5,,370,7,10,0,1856508.5,1856537.5,30.0,辛未,39
0,庚午年三月八日,0,6,7,3,8,,,0,1,62.0,4326.0,197.0,365,385.0,1854411.5,1861942.5,,370,7,11,0,1856538.5,1856566.5,29.0,庚子,9
0,庚午年三月八日,0,6,7,3,8,,,0,1,62.0,4326.0,197.0,365,385.0,1854411.5,1861942.5,,370,7,12,0,1856567.5,1856596.5,30.0,庚午,38
0,庚午年三月八日,0,3,7,3,8,,,0,1,68.0,7342.0,234.0,428,431.0,1877416.5,1889611.5,,430,7,1,0,1878154.5,1878183.5,30.0,丁巳,25
0,庚午年三月八日,0,3,7,3,8,,,0,1,68.0,7342.0,234.0,428,431.0,1877416.5,1889611.5,,430,7,2,0,1878184.5,1878212.5,29.0,丙戌,55
0,庚午年三月八日,0,3,7,3,8,,,0,1,68.0,7342.0,234.0,428,431.0,1877416.5,1889611.5,,430,7,3,0,1878213.5,1878242.5,30.0,丙辰,24
0,庚午年三月八日,0,3,7,3,8,,,0,1,68.0,7342.0,234.0,428,431.0,1877416.5,1889611.5,,430,7,4,0,1878243.5,1878271.5,29.0,乙酉,54
0,庚午年三月八日,0,3,7,3,8,,,0,1,68.0,7342.0,234.0,428,431.0,1877416.5,1889611.5,,430,7,5,0,1878272.5,1878301.5,30.0,乙卯,23
0,庚午年三月八日,0,3,7,3,8,,,0,1,68.0,7342.0,234.0,428,431.0,1877416.5,1889611.5,,430,7,6,0,1878302.5,1878330.5,29.0,甲申,53
0,庚午年三月八日,0,3,7,3,8,,,0,1,68.0,7342.0,234.0,428,431.0,1877416.5,1889611.5,,430,7,7,0,1878331.5,1878360.5,30.0,甲寅,22
0,庚午年三月八日,0,3,7,3,8,,,0,1,68.0,7342.0,234.0,428,431.0,1877416.5,1889611.5,,430,7,8,0,1878361.5,1878389.5,29.0,癸未,52
0,庚午年三月八日,0,3,7,3,8,,,0,1,68.0,7342.0,234.0,428,431.0,1877416.5,1889611.5,,430,7,9,0,1878390.5,1878419.5,30.0,癸丑,21
0,庚午年三月八日,0,3,7,3,8,,,0,1,68.0,7342.0,234.0,428,431.0,1877416.5,1889611.5,,430,7,10,0,1878420.5,1878448.5,29.0,壬午,51
0,庚午年三月八日,0,3,7,3,8,,,0,1,68.0,7342.0,234.0,428,431.0,1877416.5,1889611.5,,430,7,11,0,1878449.5,1878478.5,30.0,壬子,20
0,庚午年三月八日,0,3,7,3,8,,,0,1,68.0,7342.0,234.0,428,431.0,1877416.5,1889611.5,,430,7,12,0,1878479.5,1878507.5,29.0,辛巳,50
0,庚午年三月八日,0,3,7,3,8,,,0,1,71.0,303.0,249.0,428,431.0,1877445.5,1878715.5,,430,7,1,0,1878154.5,1878183.5,30.0,丁巳,25
0,庚午年三月八日,0,3,7,3,8,,,0,1,71.0,303.0,249.0,428,431.0,1877445.5,1878715.5,,430,7,2,0,1878184.5,1878212.5,29.0,丙戌,55
0,庚午年三月八日,0,3,7,3,8,,,0,1,71.0,303.0,249.0,428,431.0,1877445.5,1878715.5,,430,7,3,0,1878213.5,1878242.5,30.0,丙辰,24
0,庚午年三月八日,0,3,7,3,8,,,0,1,71.0,303.0,249.0,428,431.0,1877445.5,1878715.5,,430,7,4,0,1878243.5,1878271.5,29.0,乙酉,54
0,庚午年三月八日,0,3,7,3,8,,,0,1,71.0,303.0,249.0,428,431.0,1877445.5,1878715.5,,430,7,5,0,1878272.5,1878301.5,30.0,乙卯,23
0,庚午年三月八日,0,3,7,3,8,,,0,1,71.0,303.0,249.0,428,431.0,1877445.5,1878715.5,,430,7,6,0,1878302.5,1878330.5,29.0,甲申,53
0,庚午年三月八日,0,3,7,3,8,,,0,1,71.0,303.0,249.0,428,431.0,1877445.5,1878715.5,,430,7,7,0,1878331.5,1878360.5,30.0,甲寅,22
0,庚午年三月八日,0,3,7,3,8,,,0,1,71.0,303.0,249.0,428,431.0,1877445.5,1878715.5,,430,7,8,0,1878361.5,1878389.5,29.0,癸未,52
0,庚午年三月八日,0,3,7,3,8,,,0,1,71.0,303.0,249.0,428,431.0,1877445.5,1878715.5,,430,7,9,0,1878390.5,1878419.5,30.0,癸丑,21
0,庚午年三月八日,0,3,7,3,8,,,0,1,71.0,303.0,249.0,428,431.0,1877445.5,1878715.5,,430,7,10,0,1878420.5,1878448.5,29.0,壬午,51
0,庚午年三月八日,0,3,7,3,8,,,0,1,71.0,303.0,249.0,428,431.0,1877445.5,1878715.5,,430,7,11,0,1878449.5,1878478.5,30.0,壬子,20
0,庚午年三月八日,0,3,7,3,8,,,0,1,71.0,303.0,249.0,428,431.0,1877445.5,1878715.5,,430,7,12,0,1878479.5,1878507.5,29.0,辛巳,50
0,庚午年三月八日,0,22,7,3,8,,,0,1,72.0,291.0,251.0,409,430.0,1870742.5,1878508.5,,430,7,1,0,1878154.5,1878183.5,30.0,丁巳,25
0,庚午年三月八日,0,22,7,3,8,,,0,1,72.0,291.0,251.0,409,430.0,1870742.5,1878508.5,,430,7,2,0,1878184.5,1878212.5,29.0,丙戌,55
0,庚午年三月八日,0,22,7,3,8,,,0,1,72.0,291.0,251.0,409,430.0,1870742.5,1878508.5,,430,7,3,0,1878213.5,1878242.5,30.0,丙辰,24
0,庚午年三月八日,0,22,7,3,8,,,0,1,72.0,291.0,251.0,409,430.0,1870742.5,1878508.5,,430,7,4,0,1878243.5,1878271.5,29.0,乙酉,54
0,庚午年三月八日,0,22,7,3,8,,,0,1,72.0,291.0,251.0,409,430.0,1870742.5,1878508.5,,430,7,5,0,1878272.5,1878301.5,30.0,乙卯,23
0,庚午年三月八日,0,22,7,3,8,,,0,1,72.0,291.0,251.0,409,430.0,1870742.5,1878508.5,,430,7,6,0,1878302.5,1878330.5,29.0,甲申,53
0,庚午年三月八日,0,22,7,3,8,,,0,1,72.0,291.0,251.0,409,430.0,1870742.5,1878508.5,,430,7,7,0,1878331.5,1878360.5,30.0,甲寅,22
0,庚午年三月八日,0,22,7,3,8,,,0,1,72.0,291.0,251.0,409,430.0,1870742.5,1878508.5,,430,7,8,0,1878361.5,1878389.5,29.0,癸未,52
0,庚午年三月八日,0,22,7,3,8,,,0,1,72.0,291.0,251.0,409,430.0,1870742.5,1878508.5,,430,7,9,0,1878390.5,1878419.5,30.0,癸丑,21
0,庚午年三月八日,0,22,7,3,8,,,0,1,72.0,291.0,251.0,409,430.0,1870742.5,1878508.5,,430,7,10,0,1878420.5,1878448.5,29.0,壬午,51
0,庚午年三月八日,0,22,7,3,8,,,0,1,72.0,291.0,251.0,409,430.0,1870742.5,1878508.5,,430,7,11,0,1878449.5,1878478.5,30.0,壬子,20
0,庚午年三月八日,0,22,7,3,8,,,0,1,72.0,291.0,251.0,409,430.0,1870742.5,1878508.5,,430,7,12,0,1878479.5,1878507.5,29.0,辛巳,50
0,庚午年三月八日,0,8,7,3,8,,,0,1,83.0,3732.0,262.0,423,424.0,1875585.5,1883617.5,,430,7,1,0,1878154.5,1878183.5,30.0,丁巳,25
0,庚午年三月八日,0,8,7,3,8,,,0,1,83.0,3732.0,262.0,423,424.0,1875585.5,1883617.5,,430,7,2,0,1878184.5,1878212.5,29.0,丙戌,55
0,庚午年三月八日,0,8,7,3,8,,,0,1,83.0,3732.0,262.0,423,424.0,1875585.5,1883617.5,,430,7,3,0,1878213.5,1878242.5,30.0,丙辰,24
0,庚午年三月八日,0,8,7,3,8,,,0,1,83.0,3732.0,262.0,423,424.0,1875585.5,1883617.5,,430,7,4,0,1878243.5,1878271.5,29.0,乙酉,54
0,庚午年三月八日,0,8,7,3,8,,,0,1,83.0,3732.0,262.0,423,424.0,1875585.5,1883617.5,,430,7,5,0,1878272.5,1878301.5,30.0,乙卯,23
0,庚午年三月八日,0,8,7,3,8,,,0,1,83.0,3732.0,262.0,423,424.0,1875585.5,1883617.5,,430,7,6,0,1878302.5,1878330.5,29.0,甲申,53
0,庚午年三月八日,0,8,7,3,8,,,0,1,83.0,3732.0,262.0,423,424.0,1875585.5,1883617.5,,430,7,7,0,1878331.5,1878360.5,30.0,甲寅,22
0,庚午年三月八日,0,8,7,3,8,,,0,1,83.0,3732.0,262.0,423,424.0,1875585.5,1883617.5,,430,7,8,0,1878361.5,1878389.5,29.0,癸未,52
0,庚午年三月八日,0,8,7,3,8,,,0,1,83.0,3732.0,262.0,423,424.0,1875585.5,1883617.5,,430,7,9,0,1878390.5,1878419.5,30.0,癸丑,21
0,庚午年三月八日,0,8,7,3,8,,,0,1,83.0,3732.0,262.0,423,424.0,1875585.5,1883617.5,,430,7,10,0,1878420.5,1878448.5,29.0,壬午,51
0,庚午年三月八日,0,8,7,3,8,,,0,1,83.0,3732.0,262.0,423,424.0,1875585.5,1883617.5,,430,7,11,0,1878449.5,1878478.5,30.0,壬子,20
0,庚午年三月八日,0,8,7,3,8,,,0,1,83.0,3732.0,262.0,423,424.0,1875585.5,1883617.5,,430,7,12,0,1878479.5,1878507.5,29.0,辛巳,50
0,庚午年三月八日,0,8,7,3,8,,,0,1,84.0,4361.0,273.0,483,493.0,1897208.5,1901513.5,,490,7,1,0,1900066.5,1900094.5,29.0,戊辰,37
0,庚午年三月八日,0,8,7,3,8,,,0,1,84.0,4361.0,273.0,483,493.0,1897208.5,1901513.5,,490,7,2,0,1900095.5,1900124.5,30.0,戊戌,6
0,庚午年三月八日,0,8,7,3,8,,,0,1,84.0,4361.0,273.0,483,493.0,1897208.5,1901513.5,,490,7,3,0,1900125.5,1900153.5,29.0,丁卯,36
0,庚午年三月八日,0,8,7,3,8,,,0,1,84.0,4361.0,273.0,483,493.0,1897208.5,1901513.5,,490,7,4,0,1900154.5,1900183.5,30.0,丁酉,5
0,庚午年三月八日,0,8,7,3,8,,,0,1,84.0,4361.0,273.0,483,493.0,1897208.5,1901513.5,,490,7,5,0,1900184.5,1900212.5,29.0,丙寅,35
0,庚午年三月八日,0,8,7,3,8,,,0,1,84.0,4361.0,273.0,483,493.0,1897208.5,1901513.5,,490,7,6,0,1900213.5,1900242.5,30.0,丙申,4
0,庚午年三月八日,0,8,7,3,8,,,0,1,84.0,4361.0,273.0,483,493.0,1897208.5,1901513.5,,490,7,7,0,1900243.5,1900271.5,29.0,乙丑,34
0,庚午年三月八日,0,8,7,3,8,,,0,1,84.0,4361.0,273.0,483,493.0,1897208.5,1901513.5,,490,7,8,0,1900272.5,1900301.5,30.0,乙未,3
0,庚午年三月八日,0,8,7,3,8,,,0,1,84.0,4361.0,273.0,483,493.0,1897208.5,1901513.5,,490,7,9,0,1900302.5,1900330.5,29.0,甲子,33
0,庚午年三月八日,0,8,7,3,8,,,0,1,84.0,4361.0,273.0,483,493.0,1897208.5,1901513.5,,490,7,10,0,1900331.5,1900360.5,30.0,甲午,2
0,庚午年三月八日,0,8,7,3,8,,,0,1,84.0,4361.0,273.0,483,493.0,1897208.5,1901513.5,,490,7,11,0,1900361.5,1900389.5,29.0,ERROR,32
0,庚午年三月八日,0,8,7,3,8,,,0,1,84.0,4361.0,273.0,483,493.0,1897208.5,1901513.5,,490,7,12,0,1900390.5,1900419.5,30.0,癸巳,1
0,庚午年三月八日,0,1,7,3,8,,,0,1,85.0,4356.0,287.0,550,551.0,1921977.5,1922811.5,,550,7,1,0,1921977.5,1922006.5,30.0,庚辰,48
0,庚午年三月八日,0,1,7,3,8,,,0,1,85.0,4356.0,287.0,550,551.0,1921977.5,1922811.5,,550,7,2,0,1922007.5,1922035.5,29.0,己酉,18
0,庚午年三月八日,0,1,7,3,8,,,0,1,85.0,4356.0,287.0,550,551.0,1921977.5,1922811.5,,550,7,3,0,1922036.5,1922065.5,30.0,己卯,47
0,庚午年三月八日,0,1,7,3,8,,,0,1,85.0,4356.0,287.0,550,551.0,1921977.5,1922811.5,,550,7,4,0,1922066.5,1922094.5,29.0,戊申,17
0,庚午年三月八日,0,1,7,3,8,,,0,1,85.0,4356.0,287.0,550,551.0,1921977.5,1922811.5,,550,7,5,0,1922095.5,1922124.5,30.0,戊寅,46
0,庚午年三月八日,0,1,7,3,8,,,0,1,85.0,4356.0,287.0,550,551.0,1921977.5,1922811.5,,550,7,6,0,1922125.5,1922154.5,30.0,戊申,16
0,庚午年三月八日,0,1,7,3,8,,,0,1,85.0,4356.0,287.0,550,551.0,1921977.5,1922811.5,,550,7,7,0,1922155.5,1922183.5,29.0,丁丑,46
0,庚午年三月八日,0,1,7,3,8,,,0,1,85.0,4356.0,287.0,550,551.0,1921977.5,1922811.5,,550,7,8,0,1922184.5,1922213.5,30.0,丁未,15
0,庚午年三月八日,0,1,7,3,8,,,0,1,85.0,4356.0,287.0,550,551.0,1921977.5,1922811.5,,550,7,9,0,1922214.5,1922242.5,29.0,丙子,45
0,庚午年三月八日,0,1,7,3,8,,,0,1,85.0,4356.0,287.0,550,551.0,1921977.5,1922811.5,,550,7,10,0,1922243.5,1922272.5,30.0,丙午,14
0,庚午年三月八日,0,1,7,3,8,,,0,1,85.0,4356.0,287.0,550,551.0,1921977.5,1922811.5,,550,7,11,0,1922273.5,1922301.5,29.0,乙亥,44
0,庚午年三月八日,0,1,7,3,8,,,0,1,85.0,4356.0,287.0,550,551.0,1921977.5,1922811.5,,550,7,12,0,1922302.5,1922331.5,30.0,乙巳,13
0,庚午年三月八日,0,13,7,3,8,,,0,2,50.0,3907.0,102.0,238,251.0,1808196.5,1812891.5,,250,7,1,0,1812419.5,1812447.5,29.0,辛巳,50
0,庚午年三月八日,0,13,7,3,8,,,0,2,50.0,3907.0,102.0,238,251.0,1808196.5,1812891.5,,250,7,2,0,1812448.5,1812477.5,30.0,辛亥,19
0,庚午年三月八日,0,13,7,3,8,,,0,2,50.0,3907.0,102.0,238,251.0,1808196.5,1812891.5,,250,7,3,0,1812478.5,1812507.5,30.0,辛巳,49
0,庚午年三月八日,0,13,7,3,8,,,0,2,50.0,3907.0,102.0,238,251.0,1808196.5,1812891.5,,250,7,4,0,1812508.5,1812536.5,29.0,庚戌,19
0,庚午年三月八日,0,13,7,3,8,,,0,2,50.0,3907.0,102.0,238,251.0,1808196.5,1812891.5,,250,7,5,0,1812537.5,1812566.5,30.0,庚辰,48
0,庚午年三月八日,0,13,7,3,8,,,0,2,50.0,3907.0,102.0,238,251.0,1808196.5,1812891.5,,250,7,6,0,1812567.5,1812595.5,29.0,己酉,18
0,庚午年三月八日,0,13,7,3,8,,,0,2,50.0,3907.0,102.0,238,251.0,1808196.5,1812891.5,,250,7,7,0,1812596.5,1812625.5,30.0,己卯,47
0,庚午年三月八日,0,13,7,3,8,,,0,2,50.0,3907.0,102.0,238,251.0,1808196.5,1812891.5,,250,7,8,0,1812626.5,1812654.5,29.0,戊申,17
0,庚午年三月八日,0,13,7,3,8,,,0,2,50.0,3907.0,102.0,238,251.0,1808196.5,1812891.5,,250,7,9,0,1812655.5,1812684.5,30.0,戊寅,46
0,庚午年三月八日,0,13,7,3,8,,,0,2,50.0,3907.0,102.0,238,251.0,1808196.5,1812891.5,,250,7,10,0,1812685.5,1812713.5,29.0,丁未,16
0,庚午年三月八日,0,13,7,3,8,,,0,2,50.0,3907.0,102.0,238,251.0,1808196.5,1812891.5,,250,7,11,0,1812714.5,1812743.5,30.0,丁丑,45
0,庚午年三月八日,0,13,7,3,8,,,0,2,50.0,3907.0,102.0,238,251.0,1808196.5,1812891.5,,250,7,12,0,1812744.5,1812772.5,29.0,丙午,15
0,庚午年三月八日,0,14,7,3,8,,,0,2,89.0,3819.0,325.0,477,499.0,1895311.5,1903731.5,,490,7,1,0,1900066.5,1900094.5,29.0,戊辰,37
0,庚午年三月八日,0,14,7,3,8,,,0,2,89.0,3819.0,325.0,477,499.0,1895311.5,1903731.5,,490,7,2,0,1900095.5,1900124.5,30.0,戊戌,6
0,庚午年三月八日,0,14,7,3,8,,,0,2,89.0,3819.0,325.0,477,499.0,1895311.5,1903731.5,,490,7,3,0,1900125.5,1900153.5,29.0,丁卯,36
0,庚午年三月八日,0,14,7,3,8,,,0,2,89.0,3819.0,325.0,477,499.0,1895311.5,1903731.5,,490,7,4,0,1900154.5,1900183.5,30.0,丁酉,5
0,庚午年三月八日,0,14,7,3,8,,,0,2,89.0,3819.0,325.0,477,499.0,1895311.5,1903731.5,,490,7,5,0,1900184.5,1900212.5,29.0,丙寅,35
0,庚午年三月八日,0,14,7,3,8,,,0,2,89.0,3819.0,325.0,477,499.0,1895311.5,1903731.5,,490,7,6,0,1900213.5,1900242.5,30.0,丙申,4
0,庚午年三月八日,0,14,7,3,8,,,0,2,89.0,3819.0,325.0,477,499.0,1895311.5,1903731.5,,490,7,7,0,1900243.5,1900271.5,29.0,乙丑,34
0,庚午年三月八日,0,14,7,3,8,,,0,2,89.0,3819.0,325.0,477,499.0,1895311.5,1903731.5,,490,7,8,0,1900272.5,1900301.5,30.0,乙未,3
0,庚午年三月八日,0,14,7,3,8,,,0,2,89.0,3819.0,325.0,477,499.0,1895311.5,1903731.5,,490,7,9,0,1900302.5,1900330.5,29.0,甲子,33
0,庚午年三月八日,0,14,7,3,8,,,0,2,89.0,3819.0,325.0,477,499.0,1895311.5,1903731.5,,490,7,10,0,1900331.5,1900360.5,30.0,甲午,2
0,庚午年三月八日,0,14,7,3,8,,,0,2,89.0,3819.0,325.0,477,499.0,1895311.5,1903731.5,,490,7,11,0,1900361.5,1900389.5,29.0,ERROR,32
0,庚午年三月八日,0,14,7,3,8,,,0,2,89.0,3819.0,325.0,477,499.0,1895311.5,1903731.5,,490,7,12,0,1900390.5,1900419.5,30.0,癸巳,1
0,庚午年三月八日,0,3,7,3,8,,,0,2,89.0,4051.0,311.0,428,431.0,1877445.5,1878892.5,,430,7,1,0,1878154.5,1878183.5,30.0,丁巳,25
0,庚午年三月八日,0,3,7,3,8,,,0,2,89.0,4051.0,311.0,428,431.0,1877445.5,1878892.5,,430,7,2,0,1878184.5,1878212.5,29.0,丙戌,55
0,庚午年三月八日,0,3,7,3,8,,,0,2,89.0,4051.0,311.0,428,431.0,1877445.5,1878892.5,,430,7,3,0,1878213.5,1878242.5,30.0,丙辰,24
0,庚午年三月八日,0,3,7,3,8,,,0,2,89.0,4051.0,311.0,428,431.0,1877445.5,1878892.5,,430,7,4,0,1878243.5,1878271.5,29.0,乙酉,54
0,庚午年三月八日,0,3,7,3,8,,,0,2,89.0,4051.0,311.0,428,431.0,1877445.5,1878892.5,,430,7,5,0,1878272.5,1878301.5,30.0,乙卯,23
0,庚午年三月八日,0,3,7,3,8,,,0,2,89.0,4051.0,311.0,428,431.0,1877445.5,1878892.5,,430,7,6,0,1878302.5,1878330.5,29.0,甲申,53
0,庚午年三月八日,0,3,7,3,8,,,0,2,89.0,4051.0,311.0,428,431.0,1877445.5,1878892.5,,430,7,7,0,1878331.5,1878360.5,30.0,甲寅,22
0,庚午年三月八日,0,3,7,3,8,,,0,2,89.0,4051.0,311.0,428,431.0,1877445.5,1878892.5,,430,7,8,0,1878361.5,1878389.5,29.0,癸未,52
0,庚午年三月八日,0,3,7,3,8,,,0,2,89.0,4051.0,311.0,428,431.0,1877445.5,1878892.5,,430,7,9,0,1878390.5,1878419.5,30.0,癸丑,21
0,庚午年三月八日,0,3,7,3,8,,,0,2,89.0,4051.0,311.0,428,431.0,1877445.5,1878892.5,,430,7,10,0,1878420.5,1878448.5,29.0,壬午,51
0,庚午年三月八日,0,3,7,3,8,,,0,2,89.0,4051.0,311.0,428,431.0,1877445.5,1878892.5,,430,7,11,0,1878449.5,1878478.5,30.0,壬子,20
0,庚午年三月八日,0,3,7,3,8,,,0,2,89.0,4051.0,311.0,428,431.0,1877445.5,1878892.5,,430,7,12,0,1878479.5,1878507.5,29.0,辛巳,50
0,庚午年三月八日,0,8,7,3,8,,,0,2,92.0,7809.0,346.0,543,550.0,1919408.5,1922104.5,,550,7,1,0,1921977.5,1922006.5,30.0,庚辰,48
0,庚午年三月八日,0,8,7,3,8,,,0,2,92.0,7809.0,346.0,543,550.0,1919408.5,1922104.5,,550,7,2,0,1922007.5,1922035.5,29.0,己酉,18
0,庚午年三月八日,0,8,7,3,8,,,0,2,92.0,7809.0,346.0,543,550.0,1919408.5,1922104.5,,550,7,3,0,1922036.5,1922065.5,30.0,己卯,47
0,庚午年三月八日,0,8,7,3,8,,,0,2,92.0,7809.0,346.0,543,550.0,1919408.5,1922104.5,,550,7,4,0,1922066.5,1922094.5,29.0,戊申,17
0,庚午年三月八日,0,8,7,3,8,,,0,2,92.0,7809.0,346.0,543,550.0,1919408.5,1922104.5,,550,7,5,0,1922095.5,1922124.5,30.0,戊寅,46
0,庚午年三月八日,0,8,7,3,8,,,0,2,92.0,7809.0,346.0,543,550.0,1919408.5,1922104.5,,550,7,6,0,1922125.5,1922154.5,30.0,戊申,16
0,庚午年三月八日,0,8,7,3,8,,,0,2,92.0,7809.0,346.0,543,550.0,1919408.5,1922104.5,,550,7,7,0,1922155.5,1922183.5,29.0,丁丑,46
0,庚午年三月八日,0,8,7,3,8,,,0,2,92.0,7809.0,346.0,543,550.0,1919408.5,1922104.5,,550,7,8,0,1922184.5,1922213.5,30.0,丁未,15
0,庚午年三月八日,0,8,7,3,8,,,0,2,92.0,7809.0,346.0,543,550.0,1919408.5,1922104.5,,550,7,9,0,1922214.5,1922242.5,29.0,丙子,45
0,庚午年三月八日,0,8,7,3,8,,,0,2,92.0,7809.0,346.0,543,550.0,1919408.5,1922104.5,,550,7,10,0,1922243.5,1922272.5,30.0,丙午,14
0,庚午年三月八日,0,8,7,3,8,,,0,2,92.0,7809.0,346.0,543,550.0,1919408.5,1922104.5,,550,7,11,0,1922273.5,1922301.5,29.0,乙亥,44
0,庚午年三月八日,0,8,7,3,8,,,0,2,92.0,7809.0,346.0,543,550.0,1919408.5,1922104.5,,550,7,12,0,1922302.5,1922331.5,30.0,乙巳,13
0,庚午年三月八日,0,13,7,3,8,,,0,3,49.0,3729.0,96.0,238,257.0,1807989.5,1815342.5,,250,7,1,0,1812420.5,1812448.5,29.0,壬午,51
0,庚午年三月八日,0,13,7,3,8,,,0,3,49.0,3729.0,96.0,238,257.0,1807989.5,1815342.5,,250,7,2,0,1812449.5,1812478.5,30.0,壬子,20
0,庚午年三月八日,0,13,7,3,8,,,0,3,49.0,3729.0,96.0,238,257.0,1807989.5,1815342.5,,250,7,3,0,1812479.5,1812507.5,29.0,辛巳,50
0,庚午年三月八日,0,13,7,3,8,,,0,3,49.0,3729.0,96.0,238,257.0,1807989.5,1815342.5,,250,7,4,0,1812508.5,1812537.5,30.0,辛亥,19
0,庚午年三月八日,0,13,7,3,8,,,0,3,49.0,3729.0,96.0,238,257.0,1807989.5,1815342.5,,250,7,5,0,1812538.5,1812566.5,29.0,庚辰,49
0,庚午年三月八日,0,13,7,3,8,,,0,3,49.0,3729.0,96.0,238,257.0,1807989.5,1815342.5,,250,7,6,0,1812567.5,1812596.5,30.0,庚戌,18
0,庚午年三月八日,0,13,7,3,8,,,0,3,49.0,3729.0,96.0,238,257.0,1807989.5,1815342.5,,250,7,7,0,1812597.5,1812625.5,29.0,己卯,48
0,庚午年三月八日,0,13,7,3,8,,,0,3,49.0,3729.0,96.0,238,257.0,1807989.5,1815342.5,,250,7,8,0,1812626.5,1812655.5,30.0,己酉,17
0,庚午年三月八日,0,13,7,3,8,,,0,3,49.0,3729.0,96.0,238,257.0,1807989.5,1815342.5,,250,7,9,0,1812656.5,1812684.5,29.0,戊寅,47
0,庚午年三月八日,0,13,7,3,8,,,0,3,49.0,3729.0,96.0,238,257.0,1807989.5,1815342.5,,250,7,10,0,1812685.5,1812714.5,30.0,戊申,16
0,庚午年三月八日,0,13,7,3,8,,,0,3,49.0,3729.0,96.0,238,257.0,1807989.5,1815342.5,,250,7,11,0,1812715.5,1812743.5,29.0,丁丑,46
0,庚午年三月八日,0,13,7,3,8,,,0,3,49.0,3729.0,96.0,238,257.0,1807989.5,1815342.5,,250,7,12,0,1812744.5,1812773.5,30.0,丁未,15
0,庚午年三月八日,0,16,7,3,8,,,0,3,93.0,3820.0,347.0,535,551.0,1916514.5,1922396.5,,550,7,1,0,1921977.5,1922006.5,30.0,庚辰,48
0,庚午年三月八日,0,16,7,3,8,,,0,3,93.0,3820.0,347.0,535,551.0,1916514.5,1922396.5,,550,7,2,0,1922007.5,1922035.5,29.0,己酉,18
0,庚午年三月八日,0,16,7,3,8,,,0,3,93.0,3820.0,347.0,535,551.0,1916514.5,1922396.5,,550,7,3,0,1922036.5,1922065.5,30.0,己卯,47
0,庚午年三月八日,0,16,7,3,8,,,0,3,93.0,3820.0,347.0,535,551.0,1916514.5,1922396.5,,550,7,4,0,1922066.5,1922094.5,29.0,戊申,17
0,庚午年三月八日,0,16,7,3,8,,,0,3,93.0,3820.0,347.0,535,551.0,1916514.5,1922396.5,,550,7,5,0,1922095.5,1922124.5,30.0,戊寅,46
0,庚午年三月八日,0,16,7,3,8,,,0,3,93.0,3820.0,347.0,535,551.0,1916514.5,1922396.5,,550,7,6,0,1922125.5,1922154.5,30.0,戊申,16
0,庚午年三月八日,0,16,7,3,8,,,0,3,93.0,3820.0,347.0,535,551.0,1916514.5,1922396.5,,550,7,7,0,1922155.5,1922183.5,29.0,丁丑,46
0,庚午年三月八日,0,16,7,3,8,,,0,3,93.0,3820.0,347.0,535,551.0,1916514.5,1922396.5,,550,7,8,0,1922184.5,1922213.5,30.0,丁未,15
0,庚午年三月八日,0,16,7,3,8,,,0,3,93.0,3820.0,347.0,535,551.0,1916514.5,1922396.5,,550,7,9,0,1922214.5,1922242.5,29.0,丙子,45
0,庚午年三月八日,0,16,7,3,8,,,0,3,93.0,3820.0,347.0,535,551.0,1916514.5,1922396.5,,550,7,10,0,1922243.5,1922272.5,30.0,丙午,14
0,庚午年三月八日,0,16,7,3,8,,,0,3,93.0,3820.0,347.0,535,551.0,1916514.5,1922396.5,,550,7,11,0,1922273.5,1922301.5,29.0,乙亥,44
0,庚午年三月八日,0,16,7,3,8,,,0,3,93.0,3820.0,347.0,535,551.0,1916514.5,1922396.5,,550,7,12,0,1922302.5,1922331.5,30.0,乙巳,13
0,庚午年三月八日,0,6,7,3,8,,,0,3,96.0,4173.0,368.0,605,617.0,1942058.5,1946768.5,,610,7,1,0,1943889.5,1943918.5,30.0,壬辰,60
0,庚午年三月八日,0,6,7,3,8,,,0,3,96.0,4173.0,368.0,605,617.0,1942058.5,1946768.5,,610,7,2,0,1943919.5,1943947.5,29.0,辛酉,30
0,庚午年三月八日,0,6,7,3,8,,,0,3,96.0,4173.0,368.0,605,617.0,1942058.5,1946768.5,,610,7,3,0,1943948.5,1943977.5,30.0,辛卯,59
0,庚午年三月八日,0,6,7,3,8,,,0,3,96.0,4173.0,368.0,605,617.0,1942058.5,1946768.5,,610,7,4,0,1943978.5,1944006.5,29.0,庚申,29
0,庚午年三月八日,0,6,7,3,8,,,0,3,96.0,4173.0,368.0,605,617.0,1942058.5,1946768.5,,610,7,5,0,1944007.5,1944036.5,30.0,庚寅,58
0,庚午年三月八日,0,6,7,3,8,,,0,3,96.0,4173.0,368.0,605,617.0,1942058.5,1946768.5,,610,7,6,0,1944037.5,1944065.5,29.0,己未,28
0,庚午年三月八日,0,6,7,3,8,,,0,3,96.0,4173.0,368.0,605,617.0,1942058.5,1946768.5,,610,7,7,0,1944066.5,1944095.5,30.0,己丑,57
0,庚午年三月八日,0,6,7,3,8,,,0,3,96.0,4173.0,368.0,605,617.0,1942058.5,1946768.5,,610,7,8,0,1944096.5,1944124.5,29.0,戊午,27
0,庚午年三月八日,0,6,7,3,8,,,0,3,96.0,4173.0,368.0,605,617.0,1942058.5,1946768.5,,610,7,9,0,1944125.5,1944154.5,30.0,戊子,56
0,庚午年三月八日,0,6,7,3,8,,,0,3,96.0,4173.0,368.0,605,617.0,1942058.5,1946768.5,,610,7,10,0,1944155.5,1944183.5,29.0,丁巳,26
0,庚午年三月八日,0,6,7,3,8,,,0,3,96.0,4173.0,368.0,605,617.0,1942058.5,1946768.5,,610,7,11,0,1944184.5,1944213.5,30.0,丁亥,55
0,庚午年三月八日,0,6,7,3,8,,,0,3,96.0,4173.0,368.0,605,617.0,1942058.5,1946768.5,,610,7,11,1,1944214.5,1944242.5,29.0,丙辰,25
0,庚午年三月八日,0,6,7,3,8,,,0,3,96.0,4173.0,368.0,605,617.0,1942058.5,1946768.5,,610,7,12,0,1944243.5,1944272.5,30.0,丙戌,54
0,庚午年三月八日,0,1,7,3,8,,,0,3,97.0,4132.0,379.0,670,674.0,1965860.5,1967498.5,,670,7,1,0,1965801.5,1965829.5,29.0,癸卯,12
0,庚午年三月八日,0,1,7,3,8,,,0,3,97.0,4132.0,379.0,670,674.0,1965860.5,1967498.5,,670,7,2,0,1965830.5,1965859.5,30.0,癸酉,41
0,庚午年三月八日,0,1,7,3,8,,,0,3,97.0,4132.0,379.0,670,674.0,1965860.5,1967498.5,,670,7,3,0,1965860.5,1965888.5,29.0,壬寅,11
0,庚午年三月八日,0,1,7,3,8,,,0,3,97.0,4132.0,379.0,670,674.0,1965860.5,1967498.5,,670,7,4,0,1965889.5,1965918.5,30.0,壬申,40
0,庚午年三月八日,0,1,7,3,8,,,0,3,97.0,4132.0,379.0,670,674.0,1965860.5,1967498.5,,670,7,5,0,1965919.5,1965947.5,29.0,辛丑,10
0,庚午年三月八日,0,1,7,3,8,,,0,3,97.0,4132.0,379.0,670,674.0,1965860.5,1967498.5,,670,7,6,0,1965948.5,1965977.5,30.0,辛未,39
0,庚午年三月八日,0,1,7,3,8,,,0,3,97.0,4132.0,379.0,670,674.0,1965860.5,1967498.5,,670,7,7,0,1965978.5,1966006.5,29.0,庚子,9
0,庚午年三月八日,0,1,7,3,8,,,0,3,97.0,4132.0,379.0,670,674.0,1965860.5,1967498.5,,670,7,8,0,1966007.5,1966036.5,30.0,庚午,38
0,庚午年三月八日,0,1,7,3,8,,,0,3,97.0,4132.0,379.0,670,674.0,1965860.5,1967498.5,,670,7,9,0,1966037.5,1966066.5,30.0,庚子,8
0,庚午年三月八日,0,1,7,3,8,,,0,3,97.0,4132.0,379.0,670,674.0,1965860.5,1967498.5,,670,7,9,1,1966067.5,1966095.5,29.0,己巳,38
0,庚午年三月八日,0,1,7,3,8,,,0,3,97.0,4132.0,379.0,670,674.0,1965860.5,1967498.5,,670,7,10,0,1966096.5,1966125.5,30.0,己亥,7
0,庚午年三月八日,0,1,7,3,8,,,0,3,97.0,4132.0,379.0,670,674.0,1965860.5,1967498.5,,670,7,11,0,1966126.5,1966155.5,30.0,己巳,37
0,庚午年三月八日,0,1,7,3,8,,,0,3,97.0,4132.0,379.0,670,674.0,1965860.5,1967498.5,,670,7,12,0,1966156.5,1966184.5,29.0,戊戌,7
0,庚午年三月八日,0,6,7,3,8,,,0,3,97.0,4147.0,424.0,785,805.0,2007823.5,2015327.5,,790,7,1,0,2009624.5,2009653.5,30.0,丁卯,35
0,庚午年三月八日,0,6,7,3,8,,,0,3,97.0,4147.0,424.0,785,805.0,2007823.5,2015327.5,,790,7,2,0,2009654.5,2009683.5,30.0,丁酉,5
0,庚午年三月八日,0,6,7,3,8,,,0,3,97.0,4147.0,424.0,785,805.0,2007823.5,2015327.5,,790,7,3,0,2009684.5,2009712.5,29.0,丙寅,35
0,庚午年三月八日,0,6,7,3,8,,,0,3,97.0,4147.0,424.0,785,805.0,2007823.5,2015327.5,,790,7,4,0,2009713.5,2009742.5,30.0,丙申,4
0,庚午年三月八日,0,6,7,3,8,,,0,3,97.0,4147.0,424.0,785,805.0,2007823.5,2015327.5,,790,7,4,1,2009743.5,2009771.5,29.0,乙丑,34
0,庚午年三月八日,0,6,7,3,8,,,0,3,97.0,4147.0,424.0,785,805.0,2007823.5,2015327.5,,790,7,5,0,2009772.5,2009801.5,30.0,乙未,3
0,庚午年三月八日,0,6,7,3,8,,,0,3,97.0,4147.0,424.0,785,805.0,2007823.5,2015327.5,,790,7,6,0,2009802.5,2009830.5,29.0,甲子,33
0,庚午年三月八日,0,6,7,3,8,,,0,3,97.0,4147.0,424.0,785,805.0,2007823.5,2015327.5,,790,7,7,0,2009831.5,2009859.5,29.0,癸巳,2
0,庚午年三月八日,0,6,7,3,8,,,0,3,97.0,4147.0,424.0,785,805.0,2007823.5,2015327.5,,790,7,8,0,2009860.5,2009889.5,30.0,ERROR,31
0,庚午年三月八日,0,6,7,3,8,,,0,3,97.0,4147.0,424.0,785,805.0,2007823.5,2015327.5,,790,7,9,0,2009890.5,2009918.5,29.0,壬辰,1
0,庚午年三月八日,0,6,7,3,8,,,0,3,97.0,4147.0,424.0,785,805.0,2007823.5,2015327.5,,790,7,10,0,2009919.5,2009948.5,30.0,壬戌,30
0,庚午年三月八日,0,6,7,3,8,,,0,3,97.0,4147.0,424.0,785,805.0,2007823.5,2015327.5,,790,7,11,0,2009949.5,2009977.5,29.0,辛卯,60
0,庚午年三月八日,0,6,7,3,8,,,0,3,97.0,4147.0,424.0,785,805.0,2007823.5,2015327.5,,790,7,12,0,2009978.5,2010007.5,30.0,辛酉,29
0,庚午年三月八日,0,18,7,3,8,,,0,3,97.0,4151.0,413.0,713,741.0,1981836.5,1992113.5,,730,7,1,0,1987712.5,1987741.5,30.0,乙卯,23
0,庚午年三月八日,0,18,7,3,8,,,0,3,97.0,4151.0,413.0,713,741.0,1981836.5,1992113.5,,730,7,2,0,1987742.5,1987770.5,29.0,甲申,53
0,庚午年三月八日,0,18,7,3,8,,,0,3,97.0,4151.0,413.0,713,741.0,1981836.5,1992113.5,,730,7,3,0,1987771.5,1987800.5,30.0,甲寅,22
0,庚午年三月八日,0,18,7,3,8,,,0,3,97.0,4151.0,413.0,713,741.0,1981836.5,1992113.5,,730,7,4,0,1987801.5,1987829.5,29.0,癸未,52
0,庚午年三月八日,0,18,7,3,8,,,0,3,97.0,4151.0,413.0,713,741.0,1981836.5,1992113.5,,730,7,5,0,1987830.5,1987859.5,30.0,癸丑,21
0,庚午年三月八日,0,18,7,3,8,,,0,3,97.0,4151.0,413.0,713,741.0,1981836.5,1992113.5,,730,7,6,0,1987860.5,1987889.5,30.0,癸未,51
0,庚午年三月八日,0,18,7,3,8,,,0,3,97.0,4151.0,413.0,713,741.0,1981836.5,1992113.5,,730,7,6,1,1987890.5,1987918.5,29.0,壬子,21
0,庚午年三月八日,0,18,7,3,8,,,0,3,97.0,4151.0,413.0,713,741.0,1981836.5,1992113.5,,730,7,7,0,1987919.5,1987948.5,30.0,壬午,50
0,庚午年三月八日,0,18,7,3,8,,,0,3,97.0,4151.0,413.0,713,741.0,1981836.5,1992113.5,,730,7,8,0,1987949.5,1987977.5,29.0,辛亥,20
0,庚午年三月八日,0,18,7,3,8,,,0,3,97.0,4151.0,413.0,713,741.0,1981836.5,1992113.5,,730,7,9,0,1987978.5,1988007.5,30.0,辛巳,49
0,庚午年三月八日,0,18,7,3,8,,,0,3,97.0,4151.0,413.0,713,741.0,1981836.5,1992113.5,,730,7,10,0,1988008.5,1988036.5,29.0,庚戌,19
0,庚午年三月八日,0,18,7,3,8,,,0,3,97.0,4151.0,413.0,713,741.0,1981836.5,1992113.5,,730,7,11,0,1988037.5,1988066.5,30.0,庚辰,48
0,庚午年三月八日,0,18,7,3,8,,,0,3,97.0,4151.0,413.0,713,741.0,1981836.5,1992113.5,,730,7,12,0,1988067.5,1988095.5,29.0,己酉,18
0,庚午年三月八日,0,18,7,3,8,,,0,4,133.0,16331.0,1065.0,593,629.0,1937688.5,1950832.5,,610,7,1,0,1943889.5,1943918.5,30.0,壬辰,60
0,庚午年三月八日,0,18,7,3,8,,,0,4,133.0,16331.0,1065.0,593,629.0,1937688.5,1950832.5,,610,7,2,0,1943919.5,1943947.5,29.0,辛酉,30
0,庚午年三月八日,0,18,7,3,8,,,0,4,133.0,16331.0,1065.0,593,629.0,1937688.5,1950832.5,,610,7,3,0,1943948.5,1943977.5,30.0,辛卯,59
0,庚午年三月八日,0,18,7,3,8,,,0,4,133.0,16331.0,1065.0,593,629.0,1937688.5,1950832.5,,610,7,4,0,1943978.5,1944006.5,29.0,庚申,29
0,庚午年三月八日,0,18,7,3,8,,,0,4,133.0,16331.0,1065.0,593,629.0,1937688.5,1950832.5,,610,7,5,0,1944007.5,1944036.5,30.0,庚寅,58
0,庚午年三月八日,0,18,7,3,8,,,0,4,133.0,16331.0,1065.0,593,629.0,1937688.5,1950832.5,,610,7,6,0,1944037.5,1944065.5,29.0,己未,28
0,庚午年三月八日,0,18,7,3,8,,,0,4,133.0,16331.0,1065.0,593,629.0,1937688.5,1950832.5,,610,7,7,0,1944066.5,1944095.5,30.0,己丑,57
0,庚午年三月八日,0,18,7,3,8,,,0,4,133.0,16331.0,1065.0,593,629.0,1937688.5,1950832.5,,610,7,8,0,1944096.5,1944124.5,29.0,戊午,27
0,庚午年三月八日,0,18,7,3,8,,,0,4,133.0,16331.0,1065.0,593,629.0,1937688.5,1950832.5,,610,7,9,0,1944125.5,1944154.5,30.0,戊子,56
0,庚午年三月八日,0,18,7,3,8,,,0,4,133.0,16331.0,1065.0,593,629.0,1937688.5,1950832.5,,610,7,10,0,1944155.5,1944183.5,29.0,丁巳,26
0,庚午年三月八日,0,18,7,3,8,,,0,4,133.0,16331.0,1065.0,593,629.0,1937688.5,1950832.5,,610,7,11,0,1944184.5,1944213.5,30.0,丁亥,55
0,庚午年三月八日,0,18,7,3,8,,,0,4,133.0,16331.0,1065.0,593,629.0,1937688.5,1950832.5,,610,7,11,1,1944214.5,1944242.5,29.0,丙辰,25
0,庚午年三月八日,0,18,7,3,8,,,0,4,133.0,16331.0,1065.0,593,629.0,1937688.5,1950832.5,,610,7,12,0,1944243.5,1944272.5,30.0,丙戌,54
0,庚午年三月八日,0,21,7,3,8,,,0,4,133.0,16334.0,773.0,650,654.0,1958550.5,1971844.5,,670,7,1,0,1965801.5,1965829.5,29.0,癸卯,12
0,庚午年三月八日,0,21,7,3,8,,,0,4,133.0,16334.0,773.0,650,654.0,1958550.5,1971844.5,,670,7,2,0,1965830.5,1965859.5,30.0,癸酉,41
0,庚午年三月八日,0,21,7,3,8,,,0,4,133.0,16334.0,773.0,650,654.0,1958550.5,1971844.5,,670,7,3,0,1965860.5,1965888.5,29.0,壬寅,11
0,庚午年三月八日,0,21,7,3,8,,,0,4,133.0,16334.0,773.0,650,654.0,1958550.5,1971844.5,,670,7,4,0,1965889.5,1965918.5,30.0,壬申,40
0,庚午年三月八日,0,21,7,3,8,,,0,4,133.0,16334.0,773.0,650,654.0,1958550.5,1971844.5,,670,7,5,0,1965919.5,1965947.5,29.0,辛丑,10
0,庚午年三月八日,0,21,7,3,8,,,0,4,133.0,16334.0,773.0,650,654.0,1958550.5,1971844.5,,670,7,6,0,1965948.5,1965977.5,30.0,辛未,39
0,庚午年三月八日,0,21,7,3,8,,,0,4,133.0,16334.0,773.0,650,654.0,1958550.5,1971844.5,,670,7,7,0,1965978.5,1966006.5,29.0,庚子,9
0,庚午年三月八日,0,21,7,3,8,,,0,4,133.0,16334.0,773.0,650,654.0,1958550.5,1971844.5,,670,7,8,0,1966007.5,1966036.5,30.0,庚午,38
0,庚午年三月八日,0,21,7,3,8,,,0,4,133.0,16334.0,773.0,650,654.0,1958550.5,1971844.5,,670,7,9,0,1966037.5,1966066.5,30.0,庚子,8
0,庚午年三月八日,0,21,7,3,8,,,0,4,133.0,16334.0,773.0,650,654.0,1958550.5,1971844.5,,670,7,9,1,1966067.5,1966095.5,29.0,己巳,38
0,庚午年三月八日,0,21,7,3,8,,,0,4,133.0,16334.0,773.0,650,654.0,1958550.5,1971844.5,,670,7,10,0,1966096.5,1966125.5,30.0,己亥,7
0,庚午年三月八日,0,21,7,3,8,,,0,4,133.0,16334.0,773.0,650,654.0,1958550.5,1971844.5,,670,7,11,0,1966126.5,1966154.5,29.0,戊辰,37
0,庚午年三月八日,0,21,7,3,8,,,0,4,133.0,16334.0,773.0,650,654.0,1958550.5,1971844.5,,670,7,12,0,1966155.5,1966184.5,30.0,戊戌,6
0,庚午年三月八日,0,10,7,3,8,,,0,4,133.0,16336.0,1070.0,661,672.0,1962724.5,1966512.5,,670,7,1,0,1965801.5,1965829.5,29.0,癸卯,12
0,庚午年三月八日,0,10,7,3,8,,,0,4,133.0,16336.0,1070.0,661,672.0,1962724.5,1966512.5,,670,7,2,0,1965830.5,1965859.5,30.0,癸酉,41
0,庚午年三月八日,0,10,7,3,8,,,0,4,133.0,16336.0,1070.0,661,672.0,1962724.5,1966512.5,,670,7,3,0,1965860.5,1965888.5,29.0,壬寅,11
0,庚午年三月八日,0,10,7,3,8,,,0,4,133.0,16336.0,1070.0,661,672.0,1962724.5,1966512.5,,670,7,4,0,1965889.5,1965918.5,30.0,壬申,40
0,庚午年三月八日,0,10,7,3,8,,,0,4,133.0,16336.0,1070.0,661,672.0,1962724.5,1966512.5,,670,7,5,0,1965919.5,1965947.5,29.0,辛丑,10
0,庚午年三月八日,0,10,7,3,8,,,0,4,133.0,16336.0,1070.0,661,672.0,1962724.5,1966512.5,,670,7,6,0,1965948.5,1965977.5,30.0,辛未,39
0,庚午年三月八日,0,10,7,3,8,,,0,4,133.0,16336.0,1070.0,661,672.0,1962724.5,1966512.5,,670,7,7,0,1965978.5,1966006.5,29.0,庚子,9
0,庚午年三月八日,0,10,7,3,8,,,0,4,133.0,16336.0,1070.0,661,672.0,1962724.5,1966512.5,,670,7,8,0,1966007.5,1966036.5,30.0,庚午,38
0,庚午年三月八日,0,10,7,3,8,,,0,4,133.0,16336.0,1070.0,661,672.0,1962724.5,1966512.5,,670,7,9,0,1966037.5,1966066.5,30.0,庚子,8
0,庚午年三月八日,0,10,7,3,8,,,0,4,133.0,16336.0,1070.0,661,672.0,1962724.5,1966512.5,,670,7,9,1,1966067.5,1966095.5,29.0,己巳,38
0,庚午年三月八日,0,10,7,3,8,,,0,4,133.0,16336.0,1070.0,661,672.0,1962724.5,1966512.5,,670,7,10,0,1966096.5,1966125.5,30.0,己亥,7
0,庚午年三月八日,0,10,7,3,8,,,0,4,133.0,16336.0,1070.0,661,672.0,1962724.5,1966512.5,,670,7,11,0,1966126.5,1966154.5,29.0,戊辰,37
0,庚午年三月八日,0,10,7,3,8,,,0,4,133.0,16336.0,1070.0,661,672.0,1962724.5,1966512.5,,670,7,12,0,1966155.5,1966184.5,30.0,戊戌,6
0,庚午年三月八日,0,2,7,3,8,,,0,4,133.0,16343.0,781.0,729,749.0,1987624.5,1994753.5,,730,7,1,0,1987712.5,1987741.5,30.0,乙卯,23
0,庚午年三月八日,0,2,7,3,8,,,0,4,133.0,16343.0,781.0,729,749.0,1987624.5,1994753.5,,730,7,2,0,1987742.5,1987770.5,29.0,甲申,53
0,庚午年三月八日,0,2,7,3,8,,,0,4,133.0,16343.0,781.0,729,749.0,1987624.5,1994753.5,,730,7,3,0,1987771.5,1987800.5,30.0,甲寅,22
0,庚午年三月八日,0,2,7,3,8,,,0,4,133.0,16343.0,781.0,729,749.0,1987624.5,1994753.5,,730,7,4,0,1987801.5,1987830.5,30.0,甲申,52
0,庚午年三月八日,0,2,7,3,8,,,0,4,133.0,16343.0,781.0,729,749.0,1987624.5,1994753.5,,730,7,5,0,1987831.5,1987859.5,29.0,癸丑,22
0,庚午年三月八日,0,2,7,3,8,,,0,4,133.0,16343.0,781.0,729,749.0,1987624.5,1994753.5,,730,7,6,0,1987860.5,1987889.5,30.0,癸未,51
0,庚午年三月八日,0,2,7,3,8,,,0,4,133.0,16343.0,781.0,729,749.0,1987624.5,1994753.5,,730,7,6,1,1987890.5,1987918.5,29.0,壬子,21
0,庚午年三月八日,0,2,7,3,8,,,0,4,133.0,16343.0,781.0,729,749.0,1987624.5,1994753.5,,730,7,7,0,1987919.5,1987948.5,30.0,壬午,50
0,庚午年三月八日,0,2,7,3,8,,,0,4,133.0,16343.0,781.0,729,749.0,1987624.5,1994753.5,,730,7,8,0,1987949.5,1987977.5,29.0,辛亥,20
0,庚午年三月八日,0,2,7,3,8,,,0,4,133.0,16343.0,781.0,729,749.0,1987624.5,1994753.5,,730,7,9,0,1987978.5,1988007.5,30.0,辛巳,49
0,庚午年三月八日,0,2,7,3,8,,,0,4,133.0,16343.0,781.0,729,749.0,1987624.5,1994753.5,,730,7,10,0,1988008.5,1988036.5,29.0,庚戌,19
0,庚午年三月八日,0,2,7,3,8,,,0,4,133.0,16343.0,781.0,729,749.0,1987624.5,1994753.5,,730,7,11,0,1988037.5,1988066.5,30.0,庚辰,48
0,庚午年三月八日,0,2,7,3,8,,,0,4,133.0,16343.0,781.0,729,749.0,1987624.5,1994753.5,,730,7,12,0,1988067.5,1988095.5,29.0,己酉,18
0,庚午年三月八日,0,9,7,3,8,,,0,4,133.0,16347.0,789.0,782,806.0,2006955.5,2015607.5,,790,7,1,0,2009624.5,2009653.5,30.0,丁卯,35
0,庚午年三月八日,0,9,7,3,8,,,0,4,133.0,16347.0,789.0,782,806.0,2006955.5,2015607.5,,790,7,2,0,2009654.5,2009682.5,29.0,丙申,5
0,庚午年三月八日,0,9,7,3,8,,,0,4,133.0,16347.0,789.0,782,806.0,2006955.5,2015607.5,,790,7,3,0,2009683.5,2009712.5,30.0,丙寅,34
0,庚午年三月八日,0,9,7,3,8,,,0,4,133.0,16347.0,789.0,782,806.0,2006955.5,2015607.5,,790,7,3,1,2009713.5,2009742.5,30.0,丙申,4
0,庚午年三月八日,0,9,7,3,8,,,0,4,133.0,16347.0,789.0,782,806.0,2006955.5,2015607.5,,790,7,4,0,2009743.5,2009771.5,29.0,乙丑,34
0,庚午年三月八日,0,9,7,3,8,,,0,4,133.0,16347.0,789.0,782,806.0,2006955.5,2015607.5,,790,7,5,0,2009772.5,2009801.5,30.0,乙未,3
0,庚午年三月八日,0,9,7,3,8,,,0,4,133.0,16347.0,789.0,782,806.0,2006955.5,2015607.5,,790,7,6,0,2009802.5,2009830.5,29.0,甲子,33
0,庚午年三月八日,0,9,7,3,8,,,0,4,133.0,16347.0,789.0,782,806.0,2006955.5,2015607.5,,790,7,7,0,2009831.5,2009859.5,29.0,癸巳,2
0,庚午年三月八日,0,9,7,3,8,,,0,4,133.0,16347.0,789.0,782,806.0,2006955.5,2015607.5,,790,7,8,0,2009860.5,2009889.5,30.0,ERROR,31
0,庚午年三月八日,0,9,7,3,8,,,0,4,133.0,16347.0,789.0,782,806.0,2006955.5,2015607.5,,790,7,9,0,2009890.5,2009918.5,29.0,壬辰,1
0,庚午年三月八日,0,9,7,3,8,,,0,4,133.0,16347.0,789.0,782,806.0,2006955.5,2015607.5,,790,7,10,0,2009919.5,2009948.5,30.0,壬戌,30
0,庚午年三月八日,0,9,7,3,8,,,0,4,133.0,16347.0,789.0,782,806.0,2006955.5,2015607.5,,790,7,11,0,2009949.5,2009977.5,29.0,辛卯,60
0,庚午年三月八日,0,9,7,3,8,,,0,4,133.0,16347.0,789.0,782,806.0,2006955.5,2015607.5,,790,7,12,0,2009978.5,2010007.5,30.0,辛酉,29
0,庚午年三月八日,0,9,7,3,8,,,1,4,133.0,16347.0,789.0,782,806.0,2006955.5,2015607.5,,790,7,1,0,2009624.5,2009653.5,30.0,丁卯,35
0,庚午年三月八日,0,9,7,3,8,,,1,4,133.0,16347.0,789.0,782,806.0,2006955.5,2015607.5,,790,7,2,0,2009654.5,2009682.5,29.0,丙申,5
0,庚午年三月八日,0,9,7,3,8,,,1,4,133.0,16347.0,789.0,782,806.0,2006955.5,2015607.5,,790,7,3,0,2009683.5,2009712.5,30.0,丙寅,34
0,庚午年三月八日,0,9,7,3,8,,,1,4,133.0,16347.0,789.0,782,806.0,2006955.5,2015607.5,,790,7,3,1,2009713.5,2009742.5,30.0,丙申,4
0,庚午年三月八日,0,9,7,3,8,,,1,4,133.0,16347.0,789.0,782,806.0,2006955.5,2015607.5,,790,7,4,0,2009743.5,2009771.5,29.0,乙丑,34
0,庚午年三月八日,0,9,7,3,8,,,1,4,133.0,16347.0,789.0,782,806.0,2006955.5,2015607.5,,790,7,5,0,2009772.5,2009801.5,30.0,乙未,3
0,庚午年三月八日,0,9,7,3,8,,,1,4,133.0,16347.0,789.0,782,806.0,2006955.5,2015607.5,,790,7,6,0,2009802.5,2009830.5,29.0,甲子,33
0,庚午年三月八日,0,9,7,3,8,,,1,4,133.0,16347.0,789.0,782,806.0,2006955.5,2015607.5,,790,7,7,0,2009831.5,2009859.5,29.0,癸巳,2
0,庚午年三月八日,0,9,7,3,8,,,1,4,133.0,16347.0,789.0,782,806.0,2006955.5,2015607.5,,790,7,8,0,2009860.5,2009889.5,30.0,ERROR,31
0,庚午年三月八日,0,9,7,3,8,,,1,4,133.0,16347.0,789.0,782,806.0,2006955.5,2015607.5,,790,7,9,0,2009890.5,2009918.5,29.0,壬辰,1
0,庚午年三月八日,0,9,7,3,8,,,1,4,133.0,16347.0,789.0,782,806.0,2006955.5,2015607.5,,790,7,10,0,2009919.5,2009948.5,30.0,壬戌,30
0,庚午年三月八日,0,9,7,3,8,,,1,4,133.0,16347.0,789.0,782,806.0,2006955.5,2015607.5,,790,7,11,0,2009949.5,2009977.5,29.0,辛卯,60
0,庚午年三月八日,0,9,7,3,8,,,1,4,133.0,16347.0,789.0,782,806.0,2006955.5,2015607.5,,790,7,12,0,2009978.5,2010007.5,30.0,辛酉,29
0,庚午年三月八日,0,18,7,3,8,,,0,5,134.0,16432.0,1329.0,53,146.0,1740778.5,1774768.5,,70,7,1,0,1746655.5,1746684.5,30.0,戊寅,46
0,庚午年三月八日,0,18,7,3,8,,,0,5,134.0,16432.0,1329.0,53,146.0,1740778.5,1774768.5,,70,7,2,0,1746685.5,1746713.5,29.0,丁未,16
0,庚午年三月八日,0,18,7,3,8,,,0,5,134.0,16432.0,1329.0,53,146.0,1740778.5,1774768.5,,70,7,3,0,1746714.5,1746743.5,30.0,丁丑,45
0,庚午年三月八日,0,18,7,3,8,,,0,5,134.0,16432.0,1329.0,53,146.0,1740778.5,1774768.5,,70,7,4,0,1746744.5,1746772.5,29.0,丙午,15
0,庚午年三月八日,0,18,7,3,8,,,0,5,134.0,16432.0,1329.0,53,146.0,1740778.5,1774768.5,,70,7,5,0,1746773.5,1746802.5,30.0,丙子,44
0,庚午年三月八日,0,18,7,3,8,,,0,5,134.0,16432.0,1329.0,53,146.0,1740778.5,1774768.5,,70,7,6,0,1746803.5,1746831.5,29.0,乙巳,14
0,庚午年三月八日,0,18,7,3,8,,,0,5,134.0,16432.0,1329.0,53,146.0,1740778.5,1774768.5,,70,7,7,0,1746832.5,1746861.5,30.0,乙亥,43
0,庚午年三月八日,0,18,7,3,8,,,0,5,134.0,16432.0,1329.0,53,146.0,1740778.5,1774768.5,,70,7,7,1,1746862.5,1746890.5,29.0,甲辰,13
0,庚午年三月八日,0,18,7,3,8,,,0,5,134.0,16432.0,1329.0,53,146.0,1740778.5,1774768.5,,70,7,8,0,1746891.5,1746920.5,30.0,甲戌,42
0,庚午年三月八日,0,18,7,3,8,,,0,5,134.0,16432.0,1329.0,53,146.0,1740778.5,1774768.5,,70,7,9,0,1746921.5,1746949.5,29.0,癸卯,12
0,庚午年三月八日,0,18,7,3,8,,,0,5,134.0,16432.0,1329.0,53,146.0,1740778.5,1774768.5,,70,7,10,0,1746950.5,1746979.5,30.0,癸酉,41
0,庚午年三月八日,0,18,7,3,8,,,0,5,134.0,16432.0,1329.0,53,146.0,1740778.5,1774768.5,,70,7,11,0,1746980.5,1747008.5,29.0,壬寅,11
0,庚午年三月八日,0,78,7,3,8,,,0,5,134.0,16432.0,1329.0,53,146.0,1740778.5,1774768.5,,130,7,1,0,1768566.5,1768595.5,30.0,己丑,57
0,庚午年三月八日,0,78,7,3,8,,,0,5,134.0,16432.0,1329.0,53,146.0,1740778.5,1774768.5,,130,7,2,0,1768596.5,1768624.5,29.0,戊午,27
0,庚午年三月八日,0,78,7,3,8,,,0,5,134.0,16432.0,1329.0,53,146.0,1740778.5,1774768.5,,130,7,3,0,1768625.5,1768654.5,30.0,戊子,56
0,庚午年三月八日,0,78,7,3,8,,,0,5,134.0,16432.0,1329.0,53,146.0,1740778.5,1774768.5,,130,7,3,1,1768655.5,1768683.5,29.0,丁巳,26
0,庚午年三月八日,0,78,7,3,8,,,0,5,134.0,16432.0,1329.0,53,146.0,1740778.5,1774768.5,,130,7,4,0,1768684.5,1768713.5,30.0,丁亥,55
0,庚午年三月八日,0,78,7,3,8,,,0,5,134.0,16432.0,1329.0,53,146.0,1740778.5,1774768.5,,130,7,5,0,1768714.5,1768742.5,29.0,丙辰,25
0,庚午年三月八日,0,78,7,3,8,,,0,5,134.0,16432.0,1329.0,53,146.0,1740778.5,1774768.5,,130,7,6,0,1768743.5,1768772.5,30.0,丙戌,54
0,庚午年三月八日,0,78,7,3,8,,,0,5,134.0,16432.0,1329.0,53,146.0,1740778.5,1774768.5,,130,7,7,0,1768773.5,1768801.5,29.0,乙卯,24
0,庚午年三月八日,0,78,7,3,8,,,0,5,134.0,16432.0,1329.0,53,146.0,1740778.5,1774768.5,,130,7,8,0,1768802.5,1768831.5,30.0,乙酉,53
0,庚午年三月八日,0,78,7,3,8,,,0,5,134.0,16432.0,1329.0,53,146.0,1740778.5,1774768.5,,130,7,9,0,1768832.5,1768861.5,30.0,乙卯,23
0,庚午年三月八日,0,78,7,3,8,,,0,5,134.0,16432.0,1329.0,53,146.0,1740778.5,1774768.5,,130,7,10,0,1768862.5,1768890.5,29.0,甲申,53
0,庚午年三月八日,0,78,7,3,8,,,0,5,134.0,16432.0,1329.0,53,146.0,1740778.5,1774768.5,,130,7,11,0,1768891.5,1768920.5,30.0,甲寅,22
0,庚午年三月八日,0,78,7,3,8,,,0,5,134.0,16432.0,1329.0,53,146.0,1740778.5,1774768.5,,130,7,12,0,1768921.5,1768949.5,29.0,癸未,52
0,庚午年三月八日,0,78,7,3,8,,,1,5,134.0,16432.0,1329.0,53,146.0,1740778.5,1774768.5,,130,7,1,0,1768566.5,1768595.5,30.0,己丑,57
0,庚午年三月八日,0,78,7,3,8,,,1,5,134.0,16432.0,1329.0,53,146.0,1740778.5,1774768.5,,130,7,2,0,1768596.5,1768624.5,29.0,戊午,27
0,庚午年三月八日,0,78,7,3,8,,,1,5,134.0,16432.0,1329.0,53,146.0,1740778.5,1774768.5,,130,7,3,0,1768625.5,1768654.5,30.0,戊子,56
0,庚午年三月八日,0,78,7,3,8,,,1,5,134.0,16432.0,1329.0,53,146.0,1740778.5,1774768.5,,130,7,3,1,1768655.5,1768683.5,29.0,丁巳,26
0,庚午年三月八日,0,78,7,3,8,,,1,5,134.0,16432.0,1329.0,53,146.0,1740778.5,1774768.5,,130,7,4,0,1768684.5,1768713.5,30.0,丁亥,55
0,庚午年三月八日,0,78,7,3,8,,,1,5,134.0,16432.0,1329.0,53,146.0,1740778.5,1774768.5,,130,7,5,0,1768714.5,1768742.5,29.0,丙辰,25
0,庚午年三月八日,0,78,7,3,8,,,1,5,134.0,16432.0,1329.0,53,146.0,1740778.5,1774768.5,,130,7,6,0,1768743.5,1768772.5,30.0,丙戌,54
0,庚午年三月八日,0,78,7,3,8,,,1,5,134.0,16432.0,1329.0,53,146.0,1740778.5,1774768.5,,130,7,7,0,1768773.5,1768801.5,29.0,乙卯,24
0,庚午年三月八日,0,78,7,3,8,,,1,5,134.0,16432.0,1329.0,53,146.0,1740778.5,1774768.5,,130,7,8,0,1768802.5,1768831.5,30.0,乙酉,53
0,庚午年三月八日,0,78,7,3,8,,,1,5,134.0,16432.0,1329.0,53,146.0,1740778.5,1774768.5,,130,7,9,0,1768832.5,1768861.5,30.0,乙卯,23
0,庚午年三月八日,0,78,7,3,8,,,1,5,134.0,16432.0,1329.0,53,146.0,1740778.5,1774768.5,,130,7,10,0,1768862.5,1768890.5,29.0,甲申,53
0,庚午年三月八日,0,78,7,3,8,,,1,5,134.0,16432.0,1329.0,53,146.0,1740778.5,1774768.5,,130,7,11,0,1768891.5,1768920.5,30.0,甲寅,22
0,庚午年三月八日,0,78,7,3,8,,,1,5,134.0,16432.0,1329.0,53,146.0,1740778.5,1774768.5,,130,7,12,0,1768921.5,1768949.5,29.0,癸未,52
0,庚午年三月八日,0,12,7,3,8,,,0,5,134.0,16435.0,1332.0,179,197.0,1786757.5,1793195.5,,190,7,1,0,1790508.5,1790536.5,29.0,庚午,39
0,庚午年三月八日,0,12,7,3,8,,,0,5,134.0,16435.0,1332.0,179,197.0,1786757.5,1793195.5,,190,7,2,0,1790537.5,1790566.5,30.0,庚子,8
0,庚午年三月八日,0,12,7,3,8,,,0,5,134.0,16435.0,1332.0,179,197.0,1786757.5,1793195.5,,190,7,3,0,1790567.5,1790595.5,29.0,己巳,38
0,庚午年三月八日,0,12,7,3,8,,,0,5,134.0,16435.0,1332.0,179,197.0,1786757.5,1793195.5,,190,7,4,0,1790596.5,1790625.5,30.0,己亥,7
0,庚午年三月八日,0,12,7,3,8,,,0,5,134.0,16435.0,1332.0,179,197.0,1786757.5,1793195.5,,190,7,5,0,1790626.5,1790654.5,29.0,戊辰,37
0,庚午年三月八日,0,12,7,3,8,,,0,5,134.0,16435.0,1332.0,179,197.0,1786757.5,1793195.5,,190,7,6,0,1790655.5,1790684.5,30.0,戊戌,6
0,庚午年三月八日,0,12,7,3,8,,,0,5,134.0,16435.0,1332.0,179,197.0,1786757.5,1793195.5,,190,7,7,0,1790685.5,1790713.5,29.0,丁卯,36
0,庚午年三月八日,0,12,7,3,8,,,0,5,134.0,16435.0,1332.0,179,197.0,1786757.5,1793195.5,,190,7,8,0,1790714.5,1790743.5,30.0,丁酉,5
0,庚午年三月八日,0,12,7,3,8,,,0,5,134.0,16435.0,1332.0,179,197.0,1786757.5,1793195.5,,190,7,9,0,1790744.5,1790772.5,29.0,丙寅,35
0,庚午年三月八日,0,12,7,3,8,,,0,5,134.0,16435.0,1332.0,179,197.0,1786757.5,1793195.5,,190,7,10,0,1790773.5,1790802.5,30.0,丙申,4
0,庚午年三月八日,0,12,7,3,8,,,0,5,134.0,16435.0,1332.0,179,197.0,1786757.5,1793195.5,,190,7,11,0,1790803.5,1790831.5,29.0,乙丑,34
0,庚午年三月八日,0,12,7,3,8,,,0,5,134.0,16435.0,1332.0,179,197.0,1786757.5,1793195.5,,190,7,12,0,1790832.5,1790861.5,30.0,乙未,3
0,庚午年三月八日,0,3,7,3,8,,,0,5,134.0,16438.0,1335.0,248,270.0,1811946.5,1820008.5,,250,7,1,0,1812419.5,1812447.5,29.0,辛巳,50
0,庚午年三月八日,0,3,7,3,8,,,0,5,134.0,16438.0,1335.0,248,270.0,1811946.5,1820008.5,,250,7,2,0,1812448.5,1812477.5,30.0,辛亥,19
0,庚午年三月八日,0,3,7,3,8,,,0,5,134.0,16438.0,1335.0,248,270.0,1811946.5,1820008.5,,250,7,3,0,1812478.5,1812506.5,29.0,庚辰,49
0,庚午年三月八日,0,3,7,3,8,,,0,5,134.0,16438.0,1335.0,248,270.0,1811946.5,1820008.5,,250,7,4,0,1812507.5,1812536.5,30.0,庚戌,18
0,庚午年三月八日,0,3,7,3,8,,,0,5,134.0,16438.0,1335.0,248,270.0,1811946.5,1820008.5,,250,7,5,0,1812537.5,1812565.5,29.0,己卯,48
0,庚午年三月八日,0,3,7,3,8,,,0,5,134.0,16438.0,1335.0,248,270.0,1811946.5,1820008.5,,250,7,6,0,1812566.5,1812595.5,30.0,己酉,17
0,庚午年三月八日,0,3,7,3,8,,,0,5,134.0,16438.0,1335.0,248,270.0,1811946.5,1820008.5,,250,7,7,0,1812596.5,1812625.5,30.0,己卯,47
0,庚午年三月八日,0,3,7,3,8,,,0,5,134.0,16438.0,1335.0,248,270.0,1811946.5,1820008.5,,250,7,8,0,1812626.5,1812654.5,29.0,戊申,17
0,庚午年三月八日,0,3,7,3,8,,,0,5,134.0,16438.0,1335.0,248,270.0,1811946.5,1820008.5,,250,7,9,0,1812655.5,1812684.5,30.0,戊寅,46
0,庚午年三月八日,0,3,7,3,8,,,0,5,134.0,16438.0,1335.0,248,270.0,1811946.5,1820008.5,,250,7,10,0,1812685.5,1812713.5,29.0,丁未,16
0,庚午年三月八日,0,3,7,3,8,,,0,5,134.0,16438.0,1335.0,248,270.0,1811946.5,1820008.5,,250,7,11,0,1812714.5,1812743.5,30.0,丁丑,45
0,庚午年三月八日,0,3,7,3,8,,,0,5,134.0,16438.0,1335.0,248,270.0,1811946.5,1820008.5,,250,7,12,0,1812744.5,1812772.5,29.0,丙午,15
0,庚午年三月八日,0,11,7,3,8,,,0,5,134.0,16441.0,1338.0,300,331.0,1830905.5,1842068.5,,310,7,1,0,1834331.5,1834359.5,29.0,癸巳,2
0,庚午年三月八日,0,11,7,3,8,,,0,5,134.0,16441.0,1338.0,300,331.0,1830905.5,1842068.5,,310,7,2,0,1834360.5,1834389.5,30.0,ERROR,31
0,庚午年三月八日,0,11,7,3,8,,,0,5,134.0,16441.0,1338.0,300,331.0,1830905.5,1842068.5,,310,7,3,0,1834390.5,1834418.5,29.0,壬辰,1
0,庚午年三月八日,0,11,7,3,8,,,0,5,134.0,16441.0,1338.0,300,331.0,1830905.5,1842068.5,,310,7,4,0,1834419.5,1834448.5,30.0,壬戌,30
0,庚午年三月八日,0,11,7,3,8,,,0,5,134.0,16441.0,1338.0,300,331.0,1830905.5,1842068.5,,310,7,5,0,1834449.5,1834477.5,29.0,辛卯,60
0,庚午年三月八日,0,11,7,3,8,,,0,5,134.0,16441.0,1338.0,300,331.0,1830905.5,1842068.5,,310,7,6,0,1834478.5,1834507.5,30.0,辛酉,29
0,庚午年三月八日,0,11,7,3,8,,,0,5,134.0,16441.0,1338.0,300,331.0,1830905.5,1842068.5,,310,7,7,0,1834508.5,1834536.5,29.0,庚寅,59
0,庚午年三月八日,0,11,7,3,8,,,0,5,134.0,16441.0,1338.0,300,331.0,1830905.5,1842068.5,,310,7,8,0,1834537.5,1834566.5,30.0,庚申,28
0,庚午年三月八日,0,11,7,3,8,,,0,5,134.0,16441.0,1338.0,300,331.0,1830905.5,1842068.5,,310,7,9,0,1834567.5,1834595.5,29.0,己丑,58
0,庚午年三月八日,0,11,7,3,8,,,0,5,134.0,16441.0,1338.0,300,331.0,1830905.5,1842068.5,,310,7,10,0,1834596.5,1834625.5,30.0,己未,27
0,庚午年三月八日,0,11,7,3,8,,,0,5,134.0,16441.0,1338.0,300,331.0,1830905.5,1842068.5,,310,7,11,0,1834626.5,1834654.5,29.0,戊子,57
0,庚午年三月八日,0,11,7,3,8,,,0,5,134.0,16441.0,1338.0,300,331.0,1830905.5,1842068.5,,310,7,12,0,1834655.5,1834684.5,30.0,戊午,26
0,庚午年三月八日,0,40,7,3,8,,,0,5,134.0,16442.0,1339.0,331,371.0,1842068.5,1856885.5,,370,7,1,0,1856242.5,1856271.5,30.0,乙巳,13
0,庚午年三月八日,0,40,7,3,8,,,0,5,134.0,16442.0,1339.0,331,371.0,1842068.5,1856885.5,,370,7,2,0,1856272.5,1856300.5,29.0,甲戌,43
0,庚午年三月八日,0,40,7,3,8,,,0,5,134.0,16442.0,1339.0,331,371.0,1842068.5,1856885.5,,370,7,3,0,1856301.5,1856330.5,30.0,甲辰,12
0,庚午年三月八日,0,40,7,3,8,,,0,5,134.0,16442.0,1339.0,331,371.0,1842068.5,1856885.5,,370,7,4,0,1856331.5,1856359.5,29.0,癸酉,42
0,庚午年三月八日,0,40,7,3,8,,,0,5,134.0,16442.0,1339.0,331,371.0,1842068.5,1856885.5,,370,7,5,0,1856360.5,1856389.5,30.0,癸卯,11
0,庚午年三月八日,0,40,7,3,8,,,0,5,134.0,16442.0,1339.0,331,371.0,1842068.5,1856885.5,,370,7,6,0,1856390.5,1856418.5,29.0,壬申,41
0,庚午年三月八日,0,40,7,3,8,,,0,5,134.0,16442.0,1339.0,331,371.0,1842068.5,1856885.5,,370,7,7,0,1856419.5,1856448.5,30.0,壬寅,10
0,庚午年三月八日,0,40,7,3,8,,,0,5,134.0,16442.0,1339.0,331,371.0,1842068.5,1856885.5,,370,7,8,0,1856449.5,1856477.5,29.0,辛未,40
0,庚午年三月八日,0,40,7,3,8,,,0,5,134.0,16442.0,1339.0,331,371.0,1842068.5,1856885.5,,370,7,9,0,1856478.5,1856507.5,30.0,辛丑,9
0,庚午年三月八日,0,40,7,3,8,,,0,5,134.0,16442.0,1339.0,331,371.0,1842068.5,1856885.5,,370,7,10,0,1856508.5,1856537.5,30.0,辛未,39
0,庚午年三月八日,0,40,7,3,8,,,0,5,134.0,16442.0,1339.0,331,371.0,1842068.5,1856885.5,,370,7,11,0,1856538.5,1856566.5,29.0,庚子,9
0,庚午年三月八日,0,40,7,3,8,,,0,5,134.0,16442.0,1339.0,331,371.0,1842068.5,1856885.5,,370,7,12,0,1856567.5,1856596.5,30.0,庚午,38
0,庚午年三月八日,0,18,7,3,8,,,0,5,134.0,16446.0,1343.0,413,491.0,1871953.5,1885832.5,,430,7,1,0,1878154.5,1878183.5,30.0,丁巳,25
0,庚午年三月八日,0,18,7,3,8,,,0,5,134.0,16446.0,1343.0,413,491.0,1871953.5,1885832.5,,430,7,2,0,1878184.5,1878212.5,29.0,丙戌,55
0,庚午年三月八日,0,18,7,3,8,,,0,5,134.0,16446.0,1343.0,413,491.0,1871953.5,1885832.5,,430,7,3,0,1878213.5,1878242.5,30.0,丙辰,24
0,庚午年三月八日,0,18,7,3,8,,,0,5,134.0,16446.0,1343.0,413,491.0,1871953.5,1885832.5,,430,7,4,0,1878243.5,1878271.5,29.0,乙酉,54
0,庚午年三月八日,0,18,7,3,8,,,0,5,134.0,16446.0,1343.0,413,491.0,1871953.5,1885832.5,,430,7,5,0,1878272.5,1878301.5,30.0,乙卯,23
0,庚午年三月八日,0,18,7,3,8,,,0,5,134.0,16446.0,1343.0,413,491.0,1871953.5,1885832.5,,430,7,6,0,1878302.5,1878330.5,29.0,甲申,53
0,庚午年三月八日,0,18,7,3,8,,,0,5,134.0,16446.0,1343.0,413,491.0,1871953.5,1885832.5,,430,7,7,0,1878331.5,1878360.5,30.0,甲寅,22
0,庚午年三月八日,0,18,7,3,8,,,0,5,134.0,16446.0,1343.0,413,491.0,1871953.5,1885832.5,,430,7,8,0,1878361.5,1878389.5,29.0,癸未,52
0,庚午年三月八日,0,18,7,3,8,,,0,5,134.0,16446.0,1343.0,413,491.0,1871953.5,1885832.5,,430,7,9,0,1878390.5,1878419.5,30.0,癸丑,21
0,庚午年三月八日,0,18,7,3,8,,,0,5,134.0,16446.0,1343.0,413,491.0,1871953.5,1885832.5,,430,7,10,0,1878420.5,1878448.5,29.0,壬午,51
0,庚午年三月八日,0,18,7,3,8,,,0,5,134.0,16446.0,1343.0,413,491.0,1871953.5,1885832.5,,430,7,11,0,1878449.5,1878478.5,30.0,壬子,20
0,庚午年三月八日,0,18,7,3,8,,,0,5,134.0,16446.0,1343.0,413,491.0,1871953.5,1885832.5,,430,7,12,0,1878479.5,1878507.5,29.0,辛巳,50
0,庚午年三月八日,0,40,7,3,8,,,0,5,134.0,16446.0,1344.0,451,491.0,1885832.5,1900804.5,,490,7,12,0,1900036.5,1900065.5,30.0,己亥,7
0,庚午年三月八日,0,40,7,3,8,,,0,5,134.0,16446.0,1344.0,451,491.0,1885832.5,1900804.5,,490,7,1,0,1900066.5,1900094.5,29.0,戊辰,37
0,庚午年三月八日,0,40,7,3,8,,,0,5,134.0,16446.0,1344.0,451,491.0,1885832.5,1900804.5,,490,7,2,0,1900095.5,1900124.5,30.0,戊戌,6
0,庚午年三月八日,0,40,7,3,8,,,0,5,134.0,16446.0,1344.0,451,491.0,1885832.5,1900804.5,,490,7,3,0,1900125.5,1900153.5,29.0,丁卯,36
0,庚午年三月八日,0,40,7,3,8,,,0,5,134.0,16446.0,1344.0,451,491.0,1885832.5,1900804.5,,490,7,4,0,1900154.5,1900183.5,30.0,丁酉,5
0,庚午年三月八日,0,40,7,3,8,,,0,5,134.0,16446.0,1344.0,451,491.0,1885832.5,1900804.5,,490,7,5,0,1900184.5,1900212.5,29.0,丙寅,35
0,庚午年三月八日,0,40,7,3,8,,,0,5,134.0,16446.0,1344.0,451,491.0,1885832.5,1900804.5,,490,7,6,0,1900213.5,1900242.5,30.0,丙申,4
0,庚午年三月八日,0,40,7,3,8,,,0,5,134.0,16446.0,1344.0,451,491.0,1885832.5,1900804.5,,490,7,7,0,1900243.5,1900271.5,29.0,乙丑,34
0,庚午年三月八日,0,40,7,3,8,,,0,5,134.0,16446.0,1344.0,451,491.0,1885832.5,1900804.5,,490,7,8,0,1900272.5,1900301.5,30.0,乙未,3
0,庚午年三月八日,0,40,7,3,8,,,0,5,134.0,16446.0,1344.0,451,491.0,1885832.5,1900804.5,,490,7,9,0,1900302.5,1900330.5,29.0,甲子,33
0,庚午年三月八日,0,40,7,3,8,,,0,5,134.0,16446.0,1344.0,451,491.0,1885832.5,1900804.5,,490,7,10,0,1900331.5,1900360.5,30.0,甲午,2
0,庚午年三月八日,0,40,7,3,8,,,0,5,134.0,16446.0,1344.0,451,491.0,1885832.5,1900804.5,,490,7,11,0,1900361.5,1900389.5,29.0,ERROR,32
0,庚午年三月八日,0,6,7,3,8,,,0,5,134.0,16450.0,1348.0,545,559.0,1920235.5,1925344.5,,550,7,1,0,1921977.5,1922006.5,30.0,庚辰,48
0,庚午年三月八日,0,6,7,3,8,,,0,5,134.0,16450.0,1348.0,545,559.0,1920235.5,1925344.5,,550,7,2,0,1922007.5,1922035.5,29.0,己酉,18
0,庚午年三月八日,0,6,7,3,8,,,0,5,134.0,16450.0,1348.0,545,559.0,1920235.5,1925344.5,,550,7,3,0,1922036.5,1922065.5,30.0,己卯,47
0,庚午年三月八日,0,6,7,3,8,,,0,5,134.0,16450.0,1348.0,545,559.0,1920235.5,1925344.5,,550,7,4,0,1922066.5,1922094.5,29.0,戊申,17
0,庚午年三月八日,0,6,7,3,8,,,0,5,134.0,16450.0,1348.0,545,559.0,1920235.5,1925344.5,,550,7,5,0,1922095.5,1922124.5,30.0,戊寅,46
0,庚午年三月八日,0,6,7,3,8,,,0,5,134.0,16450.0,1348.0,545,559.0,1920235.5,1925344.5,,550,7,6,0,1922125.5,1922154.5,30.0,戊申,16
0,庚午年三月八日,0,6,7,3,8,,,0,5,134.0,16450.0,1348.0,545,559.0,1920235.5,1925344.5,,550,7,7,0,1922155.5,1922183.5,29.0,丁丑,46
0,庚午年三月八日,0,6,7,3,8,,,0,5,134.0,16450.0,1348.0,545,559.0,1920235.5,1925344.5,,550,7,8,0,1922184.5,1922213.5,30.0,丁未,15
0,庚午年三月八日,0,6,7,3,8,,,0,5,134.0,16450.0,1348.0,545,559.0,1920235.5,1925344.5,,550,7,9,0,1922214.5,1922242.5,29.0,丙子,45
0,庚午年三月八日,0,6,7,3,8,,,0,5,134.0,16450.0,1348.0,545,559.0,1920235.5,1925344.5,,550,7,10,0,1922243.5,1922272.5,30.0,丙午,14
0,庚午年三月八日,0,6,7,3,8,,,0,5,134.0,16450.0,1348.0,545,559.0,1920235.5,1925344.5,,550,7,11,0,1922273.5,1922301.5,29.0,乙亥,44
0,庚午年三月八日,0,6,7,3,8,,,0,5,134.0,16450.0,1348.0,545,559.0,1920235.5,1925344.5,,550,7,12,0,1922302.5,1922331.5,30.0,乙巳,13
0,庚午年三月八日,0,21,7,3,8,,,0,5,134.0,16452.0,1350.0,590,618.0,1936891.5,1947078.5,,610,7,1,0,1943889.5,1943918.5,30.0,壬辰,60
0,庚午年三月八日,0,21,7,3,8,,,0,5,134.0,16452.0,1350.0,590,618.0,1936891.5,1947078.5,,610,7,2,0,1943919.5,1943947.5,29.0,辛酉,30
0,庚午年三月八日,0,21,7,3,8,,,0,5,134.0,16452.0,1350.0,590,618.0,1936891.5,1947078.5,,610,7,3,0,1943948.5,1943977.5,30.0,辛卯,59
0,庚午年三月八日,0,21,7,3,8,,,0,5,134.0,16452.0,1350.0,590,618.0,1936891.5,1947078.5,,610,7,4,0,1943978.5,1944006.5,29.0,庚申,29
0,庚午年三月八日,0,21,7,3,8,,,0,5,134.0,16452.0,1350.0,590,618.0,1936891.5,1947078.5,,610,7,5,0,1944007.5,1944036.5,30.0,庚寅,58
0,庚午年三月八日,0,21,7,3,8,,,0,5,134.0,16452.0,1350.0,590,618.0,1936891.5,1947078.5,,610,7,6,0,1944037.5,1944065.5,29.0,己未,28
0,庚午年三月八日,0,21,7,3,8,,,0,5,134.0,16452.0,1350.0,590,618.0,1936891.5,1947078.5,,610,7,7,0,1944066.5,1944095.5,30.0,己丑,57
0,庚午年三月八日,0,21,7,3,8,,,0,5,134.0,16452.0,1350.0,590,618.0,1936891.5,1947078.5,,610,7,8,0,1944096.5,1944124.5,29.0,戊午,27
0,庚午年三月八日,0,21,7,3,8,,,0,5,134.0,16452.0,1350.0,590,618.0,1936891.5,1947078.5,,610,7,9,0,1944125.5,1944154.5,30.0,戊子,56
0,庚午年三月八日,0,21,7,3,8,,,0,5,134.0,16452.0,1350.0,590,618.0,1936891.5,1947078.5,,610,7,10,0,1944155.5,1944183.5,29.0,丁巳,26
0,庚午年三月八日,0,21,7,3,8,,,0,5,134.0,16452.0,1350.0,590,618.0,1936891.5,1947078.5,,610,7,11,0,1944184.5,1944213.5,30.0,丁亥,55
0,庚午年三月八日,0,21,7,3,8,,,0,5,134.0,16452.0,1350.0,590,618.0,1936891.5,1947078.5,,610,7,11,1,1944214.5,1944242.5,29.0,丙辰,25
0,庚午年三月八日,0,21,7,3,8,,,0,5,134.0,16452.0,1350.0,590,618.0,1936891.5,1947078.5,,610,7,12,0,1944243.5,1944272.5,30.0,丙戌,54
0,庚午年三月八日,0,43,7,3,8,,,0,6,135.0,16457.0,1354.0,28,77.0,1731388.5,1749490.5,,70,7,1,0,1746655.5,1746684.5,30.0,戊寅,46
0,庚午年三月八日,0,43,7,3,8,,,0,6,135.0,16457.0,1354.0,28,77.0,1731388.5,1749490.5,,70,7,2,0,1746685.5,1746713.5,29.0,丁未,16
0,庚午年三月八日,0,43,7,3,8,,,0,6,135.0,16457.0,1354.0,28,77.0,1731388.5,1749490.5,,70,7,3,0,1746714.5,1746743.5,30.0,丁丑,45
0,庚午年三月八日,0,43,7,3,8,,,0,6,135.0,16457.0,1354.0,28,77.0,1731388.5,1749490.5,,70,7,4,0,1746744.5,1746772.5,29.0,丙午,15
0,庚午年三月八日,0,43,7,3,8,,,0,6,135.0,16457.0,1354.0,28,77.0,1731388.5,1749490.5,,70,7,5,0,1746773.5,1746802.5,30.0,丙子,44
0,庚午年三月八日,0,43,7,3,8,,,0,6,135.0,16457.0,1354.0,28,77.0,1731388.5,1749490.5,,70,7,6,0,1746803.5,1746831.5,29.0,乙巳,14
0,庚午年三月八日,0,43,7,3,8,,,0,6,135.0,16457.0,1354.0,28,77.0,1731388.5,1749490.5,,70,7,7,0,1746832.5,1746861.5,30.0,乙亥,43
0,庚午年三月八日,0,43,7,3,8,,,0,6,135.0,16457.0,1354.0,28,77.0,1731388.5,1749490.5,,70,7,7,1,1746862.5,1746890.5,29.0,甲辰,13
0,庚午年三月八日,0,43,7,3,8,,,0,6,135.0,16457.0,1354.0,28,77.0,1731388.5,1749490.5,,70,7,8,0,1746891.5,1746920.5,30.0,甲戌,42
0,庚午年三月八日,0,43,7,3,8,,,0,6,135.0,16457.0,1354.0,28,77.0,1731388.5,1749490.5,,70,7,9,0,1746921.5,1746949.5,29.0,癸卯,12
0,庚午年三月八日,0,43,7,3,8,,,0,6,135.0,16457.0,1354.0,28,77.0,1731388.5,1749490.5,,70,7,10,0,1746950.5,1746979.5,30.0,癸酉,41
0,庚午年三月八日,0,43,7,3,8,,,0,6,135.0,16457.0,1354.0,28,77.0,1731388.5,1749490.5,,70,7,11,0,1746980.5,1747008.5,29.0,壬寅,11
0,庚午年三月八日,0,43,7,3,8,,,0,6,135.0,16457.0,1354.0,28,77.0,1731388.5,1749490.5,,70,7,12,0,1747009.5,1747038.5,30.0,壬申,40
0,庚午年三月八日,0,3,7,3,8,,,0,6,135.0,16459.0,1356.0,128,166.0,1768182.5,1781914.5,,130,7,1,0,1768566.5,1768595.5,30.0,己丑,57
0,庚午年三月八日,0,3,7,3,8,,,0,6,135.0,16459.0,1356.0,128,166.0,1768182.5,1781914.5,,130,7,2,0,1768596.5,1768624.5,29.0,戊午,27
0,庚午年三月八日,0,3,7,3,8,,,0,6,135.0,16459.0,1356.0,128,166.0,1768182.5,1781914.5,,130,7,3,0,1768625.5,1768654.5,30.0,戊子,56
0,庚午年三月八日,0,3,7,3,8,,,0,6,135.0,16459.0,1356.0,128,166.0,1768182.5,1781914.5,,130,7,3,1,1768655.5,1768683.5,29.0,丁巳,26
0,庚午年三月八日,0,3,7,3,8,,,0,6,135.0,16459.0,1356.0,128,166.0,1768182.5,1781914.5,,130,7,4,0,1768684.5,1768713.5,30.0,丁亥,55
0,庚午年三月八日,0,3,7,3,8,,,0,6,135.0,16459.0,1356.0,128,166.0,1768182.5,1781914.5,,130,7,5,0,1768714.5,1768742.5,29.0,丙辰,25
0,庚午年三月八日,0,3,7,3,8,,,0,6,135.0,16459.0,1356.0,128,166.0,1768182.5,1781914.5,,130,7,6,0,1768743.5,1768772.5,30.0,丙戌,54
0,庚午年三月八日,0,3,7,3,8,,,0,6,135.0,16459.0,1356.0,128,166.0,1768182.5,1781914.5,,130,7,7,0,1768773.5,1768801.5,29.0,乙卯,24
0,庚午年三月八日,0,3,7,3,8,,,0,6,135.0,16459.0,1356.0,128,166.0,1768182.5,1781914.5,,130,7,8,0,1768802.5,1768831.5,30.0,乙酉,53
0,庚午年三月八日,0,3,7,3,8,,,0,6,135.0,16459.0,1356.0,128,166.0,1768182.5,1781914.5,,130,7,9,0,1768832.5,1768861.5,30.0,乙卯,23
0,庚午年三月八日,0,3,7,3,8,,,0,6,135.0,16459.0,1356.0,128,166.0,1768182.5,1781914.5,,130,7,10,0,1768862.5,1768890.5,29.0,甲申,53
0,庚午年三月八日,0,3,7,3,8,,,0,6,135.0,16459.0,1356.0,128,166.0,1768182.5,1781914.5,,130,7,11,0,1768891.5,1768920.5,30.0,甲寅,22
0,庚午年三月八日,0,3,7,3,8,,,0,6,135.0,16459.0,1356.0,128,166.0,1768182.5,1781914.5,,130,7,12,0,1768921.5,1768949.5,29.0,癸未,52
0,庚午年三月八日,0,3,7,3,8,,,1,6,135.0,16459.0,1356.0,128,166.0,1768182.5,1781914.5,,130,7,1,0,1768566.5,1768595.5,30.0,己丑,57
0,庚午年三月八日,0,3,7,3,8,,,1,6,135.0,16459.0,1356.0,128,166.0,1768182.5,1781914.5,,130,7,2,0,1768596.5,1768624.5,29.0,戊午,27
0,庚午年三月八日,0,3,7,3,8,,,1,6,135.0,16459.0,1356.0,128,166.0,1768182.5,1781914.5,,130,7,3,0,1768625.5,1768654.5,30.0,戊子,56
0,庚午年三月八日,0,3,7,3,8,,,1,6,135.0,16459.0,1356.0,128,166.0,1768182.5,1781914.5,,130,7,3,1,1768655.5,1768683.5,29.0,丁巳,26
0,庚午年三月八日,0,3,7,3,8,,,1,6,135.0,16459.0,1356.0,128,166.0,1768182.5,1781914.5,,130,7,4,0,1768684.5,1768713.5,30.0,丁亥,55
0,庚午年三月八日,0,3,7,3,8,,,1,6,135.0,16459.0,1356.0,128,166.0,1768182.5,1781914.5,,130,7,5,0,1768714.5,1768742.5,29.0,丙辰,25
0,庚午年三月八日,0,3,7,3,8,,,1,6,135.0,16459.0,1356.0,128,166.0,1768182.5,1781914.5,,130,7,6,0,1768743.5,1768772.5,30.0,丙戌,54
0,庚午年三月八日,0,3,7,3,8,,,1,6,135.0,16459.0,1356.0,128,166.0,1768182.5,1781914.5,,130,7,7,0,1768773.5,1768801.5,29.0,乙卯,24
0,庚午年三月八日,0,3,7,3,8,,,1,6,135.0,16459.0,1356.0,128,166.0,1768182.5,1781914.5,,130,7,8,0,1768802.5,1768831.5,30.0,乙酉,53
0,庚午年三月八日,0,3,7,3,8,,,1,6,135.0,16459.0,1356.0,128,166.0,1768182.5,1781914.5,,130,7,9,0,1768832.5,1768861.5,30.0,乙卯,23
0,庚午年三月八日,0,3,7,3,8,,,1,6,135.0,16459.0,1356.0,128,166.0,1768182.5,1781914.5,,130,7,10,0,1768862.5,1768890.5,29.0,甲申,53
0,庚午年三月八日,0,3,7,3,8,,,1,6,135.0,16459.0,1356.0,128,166.0,1768182.5,1781914.5,,130,7,11,0,1768891.5,1768920.5,30.0,甲寅,22
0,庚午年三月八日,0,3,7,3,8,,,1,6,135.0,16459.0,1356.0,128,166.0,1768182.5,1781914.5,,130,7,12,0,1768921.5,1768949.5,29.0,癸未,52
0,庚午年三月八日,0,25,7,3,8,,,0,6,135.0,16460.0,1357.0,166,214.0,1781914.5,1799574.5,,190,7,1,0,1790508.5,1790536.5,29.0,庚午,39
0,庚午年三月八日,0,25,7,3,8,,,0,6,135.0,16460.0,1357.0,166,214.0,1781914.5,1799574.5,,190,7,2,0,1790537.5,1790566.5,30.0,庚子,8
0,庚午年三月八日,0,25,7,3,8,,,0,6,135.0,16460.0,1357.0,166,214.0,1781914.5,1799574.5,,190,7,3,0,1790567.5,1790595.5,29.0,己巳,38
0,庚午年三月八日,0,25,7,3,8,,,0,6,135.0,16460.0,1357.0,166,214.0,1781914.5,1799574.5,,190,7,4,0,1790596.5,1790625.5,30.0,己亥,7
0,庚午年三月八日,0,25,7,3,8,,,0,6,135.0,16460.0,1357.0,166,214.0,1781914.5,1799574.5,,190,7,5,0,1790626.5,1790654.5,29.0,戊辰,37
0,庚午年三月八日,0,25,7,3,8,,,0,6,135.0,16460.0,1357.0,166,214.0,1781914.5,1799574.5,,190,7,6,0,1790655.5,1790684.5,30.0,戊戌,6
0,庚午年三月八日,0,25,7,3,8,,,0,6,135.0,16460.0,1357.0,166,214.0,1781914.5,1799574.5,,190,7,7,0,1790685.5,1790713.5,29.0,丁卯,36
0,庚午年三月八日,0,25,7,3,8,,,0,6,135.0,16460.0,1357.0,166,214.0,1781914.5,1799574.5,,190,7,8,0,1790714.5,1790743.5,30.0,丁酉,5
0,庚午年三月八日,0,25,7,3,8,,,0,6,135.0,16460.0,1357.0,166,214.0,1781914.5,1799574.5,,190,7,9,0,1790744.5,1790772.5,29.0,丙寅,35
0,庚午年三月八日,0,25,7,3,8,,,0,6,135.0,16460.0,1357.0,166,214.0,1781914.5,1799574.5,,190,7,10,0,1790773.5,1790802.5,30.0,丙申,4
0,庚午年三月八日,0,25,7,3,8,,,0,6,135.0,16460.0,1357.0,166,214.0,1781914.5,1799574.5,,190,7,11,0,1790803.5,1790831.5,29.0,乙丑,34
0,庚午年三月八日,0,25,7,3,8,,,0,6,135.0,16460.0,1357.0,166,214.0,1781914.5,1799574.5,,190,7,12,0,1790832.5,1790861.5,30.0,乙未,3
0,庚午年三月八日,0,17,7,3,8,,,0,6,135.0,16463.0,1359.0,234,286.0,1806750.5,1825885.5,,250,7,1,0,1812419.5,1812447.5,29.0,辛巳,50
0,庚午年三月八日,0,17,7,3,8,,,0,6,135.0,16463.0,1359.0,234,286.0,1806750.5,1825885.5,,250,7,2,0,1812448.5,1812477.5,30.0,辛亥,19
0,庚午年三月八日,0,17,7,3,8,,,0,6,135.0,16463.0,1359.0,234,286.0,1806750.5,1825885.5,,250,7,3,0,1812478.5,1812506.5,29.0,庚辰,49
0,庚午年三月八日,0,17,7,3,8,,,0,6,135.0,16463.0,1359.0,234,286.0,1806750.5,1825885.5,,250,7,4,0,1812507.5,1812536.5,30.0,庚戌,18
0,庚午年三月八日,0,17,7,3,8,,,0,6,135.0,16463.0,1359.0,234,286.0,1806750.5,1825885.5,,250,7,5,0,1812537.5,1812565.5,29.0,己卯,48
0,庚午年三月八日,0,17,7,3,8,,,0,6,135.0,16463.0,1359.0,234,286.0,1806750.5,1825885.5,,250,7,6,0,1812566.5,1812595.5,30.0,己酉,17
0,庚午年三月八日,0,17,7,3,8,,,0,6,135.0,16463.0,1359.0,234,286.0,1806750.5,1825885.5,,250,7,7,0,1812596.5,1812625.5,30.0,己卯,47
0,庚午年三月八日,0,17,7,3,8,,,0,6,135.0,16463.0,1359.0,234,286.0,1806750.5,1825885.5,,250,7,8,0,1812626.5,1812654.5,29.0,戊申,17
0,庚午年三月八日,0,17,7,3,8,,,0,6,135.0,16463.0,1359.0,234,286.0,1806750.5,1825885.5,,250,7,9,0,1812655.5,1812684.5,30.0,戊寅,46
0,庚午年三月八日,0,17,7,3,8,,,0,6,135.0,16463.0,1359.0,234,286.0,1806750.5,1825885.5,,250,7,10,0,1812685.5,1812713.5,29.0,丁未,16
0,庚午年三月八日,0,17,7,3,8,,,0,6,135.0,16463.0,1359.0,234,286.0,1806750.5,1825885.5,,250,7,11,0,1812714.5,1812743.5,30.0,丁丑,45
0,庚午年三月八日,0,17,7,3,8,,,0,6,135.0,16463.0,1359.0,234,286.0,1806750.5,1825885.5,,250,7,12,0,1812744.5,1812772.5,29.0,丙午,15
0,庚午年三月八日,0,7,7,3,8,,,0,6,135.0,16466.0,1362.0,304,344.0,1832441.5,1847058.5,,310,7,1,0,1834331.5,1834359.5,29.0,癸巳,2
0,庚午年三月八日,0,7,7,3,8,,,0,6,135.0,16466.0,1362.0,304,344.0,1832441.5,1847058.5,,310,7,2,0,1834360.5,1834389.5,30.0,ERROR,31
0,庚午年三月八日,0,7,7,3,8,,,0,6,135.0,16466.0,1362.0,304,344.0,1832441.5,1847058.5,,310,7,3,0,1834390.5,1834418.5,29.0,壬辰,1
0,庚午年三月八日,0,7,7,3,8,,,0,6,135.0,16466.0,1362.0,304,344.0,1832441.5,1847058.5,,310,7,4,0,1834419.5,1834448.5,30.0,壬戌,30
0,庚午年三月八日,0,7,7,3,8,,,0,6,135.0,16466.0,1362.0,304,344.0,1832441.5,1847058.5,,310,7,5,0,1834449.5,1834477.5,29.0,辛卯,60
0,庚午年三月八日,0,7,7,3,8,,,0,6,135.0,16466.0,1362.0,304,344.0,1832441.5,1847058.5,,310,7,6,0,1834478.5,1834507.5,30.0,辛酉,29
0,庚午年三月八日,0,7,7,3,8,,,0,6,135.0,16466.0,1362.0,304,344.0,1832441.5,1847058.5,,310,7,7,0,1834508.5,1834536.5,29.0,庚寅,59
0,庚午年三月八日,0,7,7,3,8,,,0,6,135.0,16466.0,1362.0,304,344.0,1832441.5,1847058.5,,310,7,8,0,1834537.5,1834566.5,30.0,庚申,28
0,庚午年三月八日,0,7,7,3,8,,,0,6,135.0,16466.0,1362.0,304,344.0,1832441.5,1847058.5,,310,7,9,0,1834567.5,1834595.5,29.0,己丑,58
0,庚午年三月八日,0,7,7,3,8,,,0,6,135.0,16466.0,1362.0,304,344.0,1832441.5,1847058.5,,310,7,10,0,1834596.5,1834625.5,30.0,己未,27
0,庚午年三月八日,0,7,7,3,8,,,0,6,135.0,16466.0,1362.0,304,344.0,1832441.5,1847058.5,,310,7,11,0,1834626.5,1834654.5,29.0,戊子,57
0,庚午年三月八日,0,7,7,3,8,,,0,6,135.0,16466.0,1362.0,304,344.0,1832441.5,1847058.5,,310,7,12,0,1834655.5,1834684.5,30.0,戊午,26
0,庚午年三月八日,0,25,7,3,8,,,0,6,135.0,16468.0,1364.0,346,375.0,1847737.5,1858398.5,,370,7,1,0,1856242.5,1856271.5,30.0,乙巳,13
0,庚午年三月八日,0,25,7,3,8,,,0,6,135.0,16468.0,1364.0,346,375.0,1847737.5,1858398.5,,370,7,2,0,1856272.5,1856300.5,29.0,甲戌,43
0,庚午年三月八日,0,25,7,3,8,,,0,6,135.0,16468.0,1364.0,346,375.0,1847737.5,1858398.5,,370,7,3,0,1856301.5,1856330.5,30.0,甲辰,12
0,庚午年三月八日,0,25,7,3,8,,,0,6,135.0,16468.0,1364.0,346,375.0,1847737.5,1858398.5,,370,7,4,0,1856331.5,1856359.5,29.0,癸酉,42
0,庚午年三月八日,0,25,7,3,8,,,0,6,135.0,16468.0,1364.0,346,375.0,1847737.5,1858398.5,,370,7,5,0,1856360.5,1856389.5,30.0,癸卯,11
0,庚午年三月八日,0,25,7,3,8,,,0,6,135.0,16468.0,1364.0,346,375.0,1847737.5,1858398.5,,370,7,6,0,1856390.5,1856418.5,29.0,壬申,41
0,庚午年三月八日,0,25,7,3,8,,,0,6,135.0,16468.0,1364.0,346,375.0,1847737.5,1858398.5,,370,7,7,0,1856419.5,1856448.5,30.0,壬寅,10
0,庚午年三月八日,0,25,7,3,8,,,0,6,135.0,16468.0,1364.0,346,375.0,1847737.5,1858398.5,,370,7,8,0,1856449.5,1856477.5,29.0,辛未,40
0,庚午年三月八日,0,25,7,3,8,,,0,6,135.0,16468.0,1364.0,346,375.0,1847737.5,1858398.5,,370,7,9,0,1856478.5,1856507.5,30.0,辛丑,9
0,庚午年三月八日,0,25,7,3,8,,,0,6,135.0,16468.0,1364.0,346,375.0,1847737.5,1858398.5,,370,7,10,0,1856508.5,1856537.5,30.0,辛未,39
0,庚午年三月八日,0,25,7,3,8,,,0,6,135.0,16468.0,1364.0,346,375.0,1847737.5,1858398.5,,370,7,11,0,1856538.5,1856566.5,29.0,庚子,9
0,庚午年三月八日,0,25,7,3,8,,,0,6,135.0,16468.0,1364.0,346,375.0,1847737.5,1858398.5,,370,7,12,0,1856567.5,1856596.5,30.0,庚午,38
0,庚午年三月八日,0,4,7,3,8,,,0,6,135.0,16475.0,1371.0,427,454.0,1877386.5,1887545.5,,430,7,1,0,1878154.5,1878183.5,30.0,丁巳,25
0,庚午年三月八日,0,4,7,3,8,,,0,6,135.0,16475.0,1371.0,427,454.0,1877386.5,1887545.5,,430,7,2,0,1878184.5,1878212.5,29.0,丙戌,55
0,庚午年三月八日,0,4,7,3,8,,,0,6,135.0,16475.0,1371.0,427,454.0,1877386.5,1887545.5,,430,7,3,0,1878213.5,1878242.5,30.0,丙辰,24
0,庚午年三月八日,0,4,7,3,8,,,0,6,135.0,16475.0,1371.0,427,454.0,1877386.5,1887545.5,,430,7,4,0,1878243.5,1878271.5,29.0,乙酉,54
0,庚午年三月八日,0,4,7,3,8,,,0,6,135.0,16475.0,1371.0,427,454.0,1877386.5,1887545.5,,430,7,5,0,1878272.5,1878301.5,30.0,乙卯,23
0,庚午年三月八日,0,4,7,3,8,,,0,6,135.0,16475.0,1371.0,427,454.0,1877386.5,1887545.5,,430,7,6,0,1878302.5,1878330.5,29.0,甲申,53
0,庚午年三月八日,0,4,7,3,8,,,0,6,135.0,16475.0,1371.0,427,454.0,1877386.5,1887545.5,,430,7,7,0,1878331.5,1878360.5,30.0,甲寅,22
0,庚午年三月八日,0,4,7,3,8,,,0,6,135.0,16475.0,1371.0,427,454.0,1877386.5,1887545.5,,430,7,8,0,1878361.5,1878389.5,29.0,癸未,52
0,庚午年三月八日,0,4,7,3,8,,,0,6,135.0,16475.0,1371.0,427,454.0,1877386.5,1887545.5,,430,7,9,0,1878390.5,1878419.5,30.0,癸丑,21
0,庚午年三月八日,0,4,7,3,8,,,0,6,135.0,16475.0,1371.0,427,454.0,1877386.5,1887545.5,,430,7,10,0,1878420.5,1878448.5,29.0,壬午,51
0,庚午年三月八日,0,4,7,3,8,,,0,6,135.0,16475.0,1371.0,427,454.0,1877386.5,1887545.5,,430,7,11,0,1878449.5,1878478.5,30.0,壬子,20
0,庚午年三月八日,0,4,7,3,8,,,0,6,135.0,16475.0,1371.0,427,454.0,1877386.5,1887545.5,,430,7,12,0,1878479.5,1878507.5,29.0,辛巳,50
0,庚午年三月八日,0,12,7,3,8,,,0,6,135.0,16479.0,1375.0,479,501.0,1896374.5,1904407.5,,490,7,1,0,1900066.5,1900094.5,29.0,戊辰,37
0,庚午年三月八日,0,12,7,3,8,,,0,6,135.0,16479.0,1375.0,479,501.0,1896374.5,1904407.5,,490,7,2,0,1900095.5,1900124.5,30.0,戊戌,6
0,庚午年三月八日,0,12,7,3,8,,,0,6,135.0,16479.0,1375.0,479,501.0,1896374.5,1904407.5,,490,7,3,0,1900125.5,1900153.5,29.0,丁卯,36
0,庚午年三月八日,0,12,7,3,8,,,0,6,135.0,16479.0,1375.0,479,501.0,1896374.5,1904407.5,,490,7,4,0,1900154.5,1900183.5,30.0,丁酉,5
0,庚午年三月八日,0,12,7,3,8,,,0,6,135.0,16479.0,1375.0,479,501.0,1896374.5,1904407.5,,490,7,5,0,1900184.5,1900212.5,29.0,丙寅,35
0,庚午年三月八日,0,12,7,3,8,,,0,6,135.0,16479.0,1375.0,479,501.0,1896374.5,1904407.5,,490,7,6,0,1900213.5,1900242.5,30.0,丙申,4
0,庚午年三月八日,0,12,7,3,8,,,0,6,135.0,16479.0,1375.0,479,501.0,1896374.5,1904407.5,,490,7,7,0,1900243.5,1900271.5,29.0,乙丑,34
0,庚午年三月八日,0,12,7,3,8,,,0,6,135.0,16479.0,1375.0,479,501.0,1896374.5,1904407.5,,490,7,8,0,1900272.5,1900301.5,30.0,乙未,3
0,庚午年三月八日,0,12,7,3,8,,,0,6,135.0,16479.0,1375.0,479,501.0,1896374.5,1904407.5,,490,7,9,0,1900302.5,1900330.5,29.0,甲子,33
0,庚午年三月八日,0,12,7,3,8,,,0,6,135.0,16479.0,1375.0,479,501.0,1896374.5,1904407.5,,490,7,10,0,1900331.5,1900360.5,30.0,甲午,2
0,庚午年三月八日,0,12,7,3,8,,,0,6,135.0,16479.0,1375.0,479,501.0,1896374.5,1904407.5,,490,7,11,0,1900361.5,1900389.5,29.0,ERROR,32
0,庚午年三月八日,0,12,7,3,8,,,0,6,135.0,16479.0,1375.0,479,501.0,1896374.5,1904407.5,,490,7,12,0,1900390.5,1900419.5,30.0,癸巳,1
0,庚午年三月八日,0,28,7,3,8,,,0,6,135.0,16481.0,1377.0,523,554.0,1912262.5,1923661.5,,550,7,1,0,1921977.5,1922006.5,30.0,庚辰,48
0,庚午年三月八日,0,28,7,3,8,,,0,6,135.0,16481.0,1377.0,523,554.0,1912262.5,1923661.5,,550,7,2,0,1922007.5,1922035.5,29.0,己酉,18
0,庚午年三月八日,0,28,7,3,8,,,0,6,135.0,16481.0,1377.0,523,554.0,1912262.5,1923661.5,,550,7,3,0,1922036.5,1922065.5,30.0,己卯,47
0,庚午年三月八日,0,28,7,3,8,,,0,6,135.0,16481.0,1377.0,523,554.0,1912262.5,1923661.5,,550,7,4,0,1922066.5,1922094.5,29.0,戊申,17
0,庚午年三月八日,0,28,7,3,8,,,0,6,135.0,16481.0,1377.0,523,554.0,1912262.5,1923661.5,,550,7,5,0,1922095.5,1922124.5,30.0,戊寅,46
0,庚午年三月八日,0,28,7,3,8,,,0,6,135.0,16481.0,1377.0,523,554.0,1912262.5,1923661.5,,550,7,6,0,1922125.5,1922154.5,30.0,戊申,16
0,庚午年三月八日,0,28,7,3,8,,,0,6,135.0,16481.0,1377.0,523,554.0,1912262.5,1923661.5,,550,7,7,0,1922155.5,1922183.5,29.0,丁丑,46
0,庚午年三月八日,0,28,7,3,8,,,0,6,135.0,16481.0,1377.0,523,554.0,1912262.5,1923661.5,,550,7,8,0,1922184.5,1922213.5,30.0,丁未,15
0,庚午年三月八日,0,28,7,3,8,,,0,6,135.0,16481.0,1377.0,523,554.0,1912262.5,1923661.5,,550,7,9,0,1922214.5,1922242.5,29.0,丙子,45
0,庚午年三月八日,0,28,7,3,8,,,0,6,135.0,16481.0,1377.0,523,554.0,1912262.5,1923661.5,,550,7,10,0,1922243.5,1922272.5,30.0,丙午,14
0,庚午年三月八日,0,28,7,3,8,,,0,6,135.0,16481.0,1377.0,523,554.0,1912262.5,1923661.5,,550,7,11,0,1922273.5,1922301.5,29.0,乙亥,44
0,庚午年三月八日,0,28,7,3,8,,,0,6,135.0,16481.0,1377.0,523,554.0,1912262.5,1923661.5,,550,7,12,0,1922302.5,1922331.5,30.0,乙巳,13
0,庚午年三月八日,0,11,7,3,8,,,0,6,135.0,16485.0,1381.0,600,641.0,1940404.5,1955317.5,,610,7,1,0,1943889.5,1943918.5,30.0,壬辰,60
0,庚午年三月八日,0,11,7,3,8,,,0,6,135.0,16485.0,1381.0,600,641.0,1940404.5,1955317.5,,610,7,2,0,1943919.5,1943947.5,29.0,辛酉,30
0,庚午年三月八日,0,11,7,3,8,,,0,6,135.0,16485.0,1381.0,600,641.0,1940404.5,1955317.5,,610,7,3,0,1943948.5,1943977.5,30.0,辛卯,59
0,庚午年三月八日,0,11,7,3,8,,,0,6,135.0,16485.0,1381.0,600,641.0,1940404.5,1955317.5,,610,7,4,0,1943978.5,1944006.5,29.0,庚申,29
0,庚午年三月八日,0,11,7,3,8,,,0,6,135.0,16485.0,1381.0,600,641.0,1940404.5,1955317.5,,610,7,5,0,1944007.5,1944036.5,30.0,庚寅,58
0,庚午年三月八日,0,11,7,3,8,,,0,6,135.0,16485.0,1381.0,600,641.0,1940404.5,1955317.5,,610,7,6,0,1944037.5,1944065.5,29.0,己未,28
0,庚午年三月八日,0,11,7,3,8,,,0,6,135.0,16485.0,1381.0,600,641.0,1940404.5,1955317.5,,610,7,7,0,1944066.5,1944095.5,30.0,己丑,57
0,庚午年三月八日,0,11,7,3,8,,,0,6,135.0,16485.0,1381.0,600,641.0,1940404.5,1955317.5,,610,7,8,0,1944096.5,1944124.5,29.0,戊午,27
0,庚午年三月八日,0,11,7,3,8,,,0,6,135.0,16485.0,1381.0,600,641.0,1940404.5,1955317.5,,610,7,9,0,1944125.5,1944154.5,30.0,戊子,56
0,庚午年三月八日,0,11,7,3,8,,,0,6,135.0,16485.0,1381.0,600,641.0,1940404.5,1955317.5,,610,7,10,0,1944155.5,1944183.5,29.0,丁巳,26
0,庚午年三月八日,0,11,7,3,8,,,0,6,135.0,16485.0,1381.0,600,641.0,1940404.5,1955317.5,,610,7,11,0,1944184.5,1944213.5,30.0,丁亥,55
0,庚午年三月八日,0,11,7,3,8,,,0,6,135.0,16485.0,1381.0,600,641.0,1940404.5,1955317.5,,610,7,11,1,1944214.5,1944242.5,29.0,丙辰,25
0,庚午年三月八日,0,11,7,3,8,,,0,6,135.0,16485.0,1381.0,600,641.0,1940404.5,1955317.5,,610,7,12,0,1944243.5,1944272.5,30.0,丙戌,54
0,庚午年三月八日,0,11,7,3,8,,,0,7,136.0,16511.0,1032.0,540,550.0,1918552.5,1922332.5,,550,7,1,0,1921977.5,1922006.5,30.0,庚辰,48
0,庚午年三月八日,0,11,7,3,8,,,0,7,136.0,16511.0,1032.0,540,550.0,1918552.5,1922332.5,,550,7,2,0,1922007.5,1922035.5,29.0,己酉,18
0,庚午年三月八日,0,11,7,3,8,,,0,7,136.0,16511.0,1032.0,540,550.0,1918552.5,1922332.5,,550,7,3,0,1922036.5,1922065.5,30.0,己卯,47
0,庚午年三月八日,0,11,7,3,8,,,0,7,136.0,16511.0,1032.0,540,550.0,1918552.5,1922332.5,,550,7,4,0,1922066.5,1922094.5,29.0,戊申,17
0,庚午年三月八日,0,11,7,3,8,,,0,7,136.0,16511.0,1032.0,540,550.0,1918552.5,1922332.5,,550,7,5,0,1922095.5,1922124.5,30.0,戊寅,46
0,庚午年三月八日,0,11,7,3,8,,,0,7,136.0,16511.0,1032.0,540,550.0,1918552.5,1922332.5,,550,7,6,0,1922125.5,1922154.5,30.0,戊申,16
0,庚午年三月八日,0,11,7,3,8,,,0,7,136.0,16511.0,1032.0,540,550.0,1918552.5,1922332.5,,550,7,7,0,1922155.5,1922183.5,29.0,丁丑,46
0,庚午年三月八日,0,11,7,3,8,,,0,7,136.0,16511.0,1032.0,540,550.0,1918552.5,1922332.5,,550,7,8,0,1922184.5,1922213.5,30.0,丁未,15
0,庚午年三月八日,0,11,7,3,8,,,0,7,136.0,16511.0,1032.0,540,550.0,1918552.5,1922332.5,,550,7,9,0,1922214.5,1922242.5,29.0,丙子,45
0,庚午年三月八日,0,11,7,3,8,,,0,7,136.0,16511.0,1032.0,540,550.0,1918552.5,1922332.5,,550,7,10,0,1922243.5,1922272.5,30.0,丙午,14
0,庚午年三月八日,0,11,7,3,8,,,0,7,136.0,16511.0,1032.0,540,550.0,1918552.5,1922332.5,,550,7,11,0,1922273.5,1922301.5,29.0,乙亥,44
0,庚午年三月八日,0,11,7,3,8,,,0,7,136.0,16511.0,1032.0,540,550.0,1918552.5,1922332.5,,550,7,12,0,1922302.5,1922331.5,30.0,乙巳,13
0,庚午年三月八日,0,27,7,3,8,,,0,7,136.0,16513.0,1027.0,584,632.0,1934439.5,1951951.5,,610,7,1,0,1943889.5,1943918.5,30.0,壬辰,60
0,庚午年三月八日,0,27,7,3,8,,,0,7,136.0,16513.0,1027.0,584,632.0,1934439.5,1951951.5,,610,7,2,0,1943919.5,1943947.5,29.0,辛酉,30
0,庚午年三月八日,0,27,7,3,8,,,0,7,136.0,16513.0,1027.0,584,632.0,1934439.5,1951951.5,,610,7,3,0,1943948.5,1943977.5,30.0,辛卯,59
0,庚午年三月八日,0,27,7,3,8,,,0,7,136.0,16513.0,1027.0,584,632.0,1934439.5,1951951.5,,610,7,4,0,1943978.5,1944006.5,29.0,庚申,29
0,庚午年三月八日,0,27,7,3,8,,,0,7,136.0,16513.0,1027.0,584,632.0,1934439.5,1951951.5,,610,7,5,0,1944007.5,1944036.5,30.0,庚寅,58
0,庚午年三月八日,0,27,7,3,8,,,0,7,136.0,16513.0,1027.0,584,632.0,1934439.5,1951951.5,,610,7,6,0,1944037.5,1944065.5,29.0,己未,28
0,庚午年三月八日,0,27,7,3,8,,,0,7,136.0,16513.0,1027.0,584,632.0,1934439.5,1951951.5,,610,7,7,0,1944066.5,1944095.5,30.0,己丑,57
0,庚午年三月八日,0,27,7,3,8,,,0,7,136.0,16513.0,1027.0,584,632.0,1934439.5,1951951.5,,610,7,8,0,1944096.5,1944124.5,29.0,戊午,27
0,庚午年三月八日,0,27,7,3,8,,,0,7,136.0,16513.0,1027.0,584,632.0,1934439.5,1951951.5,,610,7,9,0,1944125.5,1944154.5,30.0,戊子,56
0,庚午年三月八日,0,27,7,3,8,,,0,7,136.0,16513.0,1027.0,584,632.0,1934439.5,1951951.5,,610,7,10,0,1944155.5,1944183.5,29.0,丁巳,26
0,庚午年三月八日,0,27,7,3,8,,,0,7,136.0,16513.0,1027.0,584,632.0,1934439.5,1951951.5,,610,7,11,0,1944184.5,1944213.5,30.0,丁亥,55
0,庚午年三月八日,0,27,7,3,8,,,0,7,136.0,16513.0,1027.0,584,632.0,1934439.5,1951951.5,,610,7,11,1,1944214.5,1944242.5,29.0,丙辰,25
0,庚午年三月八日,0,27,7,3,8,,,0,7,136.0,16513.0,1027.0,584,632.0,1934439.5,1951951.5,,610,7,12,0,1944243.5,1944272.5,30.0,丙戌,54
0,庚午年三月八日,0,27,7,3,8,,,0,7,136.0,16514.0,1028.0,584,633.0,1934439.5,1952660.5,,610,7,1,0,1943889.5,1943918.5,30.0,壬辰,60
0,庚午年三月八日,0,27,7,3,8,,,0,7,136.0,16514.0,1028.0,584,633.0,1934439.5,1952660.5,,610,7,2,0,1943919.5,1943947.5,29.0,辛酉,30
0,庚午年三月八日,0,27,7,3,8,,,0,7,136.0,16514.0,1028.0,584,633.0,1934439.5,1952660.5,,610,7,3,0,1943948.5,1943977.5,30.0,辛卯,59
0,庚午年三月八日,0,27,7,3,8,,,0,7,136.0,16514.0,1028.0,584,633.0,1934439.5,1952660.5,,610,7,4,0,1943978.5,1944006.5,29.0,庚申,29
0,庚午年三月八日,0,27,7,3,8,,,0,7,136.0,16514.0,1028.0,584,633.0,1934439.5,1952660.5,,610,7,5,0,1944007.5,1944036.5,30.0,庚寅,58
0,庚午年三月八日,0,27,7,3,8,,,0,7,136.0,16514.0,1028.0,584,633.0,1934439.5,1952660.5,,610,7,6,0,1944037.5,1944065.5,29.0,己未,28
0,庚午年三月八日,0,27,7,3,8,,,0,7,136.0,16514.0,1028.0,584,633.0,1934439.5,1952660.5,,610,7,7,0,1944066.5,1944095.5,30.0,己丑,57
0,庚午年三月八日,0,27,7,3,8,,,0,7,136.0,16514.0,1028.0,584,633.0,1934439.5,1952660.5,,610,7,8,0,1944096.5,1944124.5,29.0,戊午,27
0,庚午年三月八日,0,27,7,3,8,,,0,7,136.0,16514.0,1028.0,584,633.0,1934439.5,1952660.5,,610,7,9,0,1944125.5,1944154.5,30.0,戊子,56
0,庚午年三月八日,0,27,7,3,8,,,0,7,136.0,16514.0,1028.0,584,633.0,1934439.5,1952660.5,,610,7,10,0,1944155.5,1944183.5,29.0,丁巳,26
0,庚午年三月八日,0,27,7,3,8,,,0,7,136.0,16514.0,1028.0,584,633.0,1934439.5,1952660.5,,610,7,11,0,1944184.5,1944213.5,30.0,丁亥,55
0,庚午年三月八日,0,27,7,3,8,,,0,7,136.0,16514.0,1028.0,584,633.0,1934439.5,1952660.5,,610,7,11,1,1944214.5,1944242.5,29.0,丙辰,25
0,庚午年三月八日,0,27,7,3,8,,,0,7,136.0,16514.0,1028.0,584,633.0,1934439.5,1952660.5,,610,7,12,0,1944243.5,1944272.5,30.0,丙戌,54
0,庚午年三月八日,0,10,7,3,8,,,0,7,136.0,16517.0,1038.0,661,681.0,1962700.5,1969994.5,,670,7,1,0,1965801.5,1965829.5,29.0,癸卯,12
0,庚午年三月八日,0,10,7,3,8,,,0,7,136.0,16517.0,1038.0,661,681.0,1962700.5,1969994.5,,670,7,2,0,1965830.5,1965859.5,30.0,癸酉,41
0,庚午年三月八日,0,10,7,3,8,,,0,7,136.0,16517.0,1038.0,661,681.0,1962700.5,1969994.5,,670,7,3,0,1965860.5,1965888.5,29.0,壬寅,11
0,庚午年三月八日,0,10,7,3,8,,,0,7,136.0,16517.0,1038.0,661,681.0,1962700.5,1969994.5,,670,7,4,0,1965889.5,1965918.5,30.0,壬申,40
0,庚午年三月八日,0,10,7,3,8,,,0,7,136.0,16517.0,1038.0,661,681.0,1962700.5,1969994.5,,670,7,5,0,1965919.5,1965947.5,29.0,辛丑,10
0,庚午年三月八日,0,10,7,3,8,,,0,7,136.0,16517.0,1038.0,661,681.0,1962700.5,1969994.5,,670,7,6,0,1965948.5,1965977.5,30.0,辛未,39
0,庚午年三月八日,0,10,7,3,8,,,0,7,136.0,16517.0,1038.0,661,681.0,1962700.5,1969994.5,,670,7,7,0,1965978.5,1966006.5,29.0,庚子,9
0,庚午年三月八日,0,10,7,3,8,,,0,7,136.0,16517.0,1038.0,661,681.0,1962700.5,1969994.5,,670,7,8,0,1966007.5,1966036.5,30.0,庚午,38
0,庚午年三月八日,0,10,7,3,8,,,0,7,136.0,16517.0,1038.0,661,681.0,1962700.5,1969994.5,,670,7,9,0,1966037.5,1966066.5,30.0,庚子,8
0,庚午年三月八日,0,10,7,3,8,,,0,7,136.0,16517.0,1038.0,661,681.0,1962700.5,1969994.5,,670,7,9,1,1966067.5,1966095.5,29.0,己巳,38
0,庚午年三月八日,0,10,7,3,8,,,0,7,136.0,16517.0,1038.0,661,681.0,1962700.5,1969994.5,,670,7,10,0,1966096.5,1966125.5,30.0,己亥,7
0,庚午年三月八日,0,10,7,3,8,,,0,7,136.0,16517.0,1038.0,661,681.0,1962700.5,1969994.5,,670,7,11,0,1966126.5,1966155.5,30.0,己巳,37
0,庚午年三月八日,0,10,7,3,8,,,0,7,136.0,16517.0,1038.0,661,681.0,1962700.5,1969994.5,,670,7,12,0,1966156.5,1966184.5,29.0,戊戌,7
0,庚午年三月八日,0,29,7,3,8,,,0,7,136.0,16520.0,1041.0,702,737.0,1977702.5,1990341.5,,730,7,1,0,1987712.5,1987741.5,30.0,乙卯,23
0,庚午年三月八日,0,29,7,3,8,,,0,7,136.0,16520.0,1041.0,702,737.0,1977702.5,1990341.5,,730,7,2,0,1987742.5,1987770.5,29.0,甲申,53
0,庚午年三月八日,0,29,7,3,8,,,0,7,136.0,16520.0,1041.0,702,737.0,1977702.5,1990341.5,,730,7,3,0,1987771.5,1987800.5,30.0,甲寅,22
0,庚午年三月八日,0,29,7,3,8,,,0,7,136.0,16520.0,1041.0,702,737.0,1977702.5,1990341.5,,730,7,4,0,1987801.5,1987829.5,29.0,癸未,52
0,庚午年三月八日,0,29,7,3,8,,,0,7,136.0,16520.0,1041.0,702,737.0,1977702.5,1990341.5,,730,7,5,0,1987830.5,1987859.5,30.0,癸丑,21
0,庚午年三月八日,0,29,7,3,8,,,0,7,136.0,16520.0,1041.0,702,737.0,1977702.5,1990341.5,,730,7,6,0,1987860.5,1987889.5,30.0,癸未,51
0,庚午年三月八日,0,29,7,3,8,,,0,7,136.0,16520.0,1041.0,702,737.0,1977702.5,1990341.5,,730,7,6,1,1987890.5,1987918.5,29.0,壬子,21
0,庚午年三月八日,0,29,7,3,8,,,0,7,136.0,16520.0,1041.0,702,737.0,1977702.5,1990341.5,,730,7,7,0,1987919.5,1987948.5,30.0,壬午,50
0,庚午年三月八日,0,29,7,3,8,,,0,7,136.0,16520.0,1041.0,702,737.0,1977702.5,1990341.5,,730,7,8,0,1987949.5,1987977.5,29.0,辛亥,20
0,庚午年三月八日,0,29,7,3,8,,,0,7,136.0,16520.0,1041.0,702,737.0,1977702.5,1990341.5,,730,7,9,0,1987978.5,1988007.5,30.0,辛巳,49
0,庚午年三月八日,0,29,7,3,8,,,0,7,136.0,16520.0,1041.0,702,737.0,1977702.5,1990341.5,,730,7,10,0,1988008.5,1988036.5,29.0,庚戌,19
0,庚午年三月八日,0,29,7,3,8,,,0,7,136.0,16520.0,1041.0,702,737.0,1977702.5,1990341.5,,730,7,11,0,1988037.5,1988066.5,30.0,庚辰,48
0,庚午年三月八日,0,29,7,3,8,,,0,7,136.0,16520.0,1041.0,702,737.0,1977702.5,1990341.5,,730,7,12,0,1988067.5,1988095.5,29.0,己酉,18
0,庚午年三月八日,0,6,7,3,8,,,0,7,136.0,16525.0,1046.0,785,798.0,2007836.5,2012932.5,,790,7,1,0,2009624.5,2009653.5,30.0,丁卯,35
0,庚午年三月八日,0,6,7,3,8,,,0,7,136.0,16525.0,1046.0,785,798.0,2007836.5,2012932.5,,790,7,2,0,2009654.5,2009683.5,30.0,丁酉,5
0,庚午年三月八日,0,6,7,3,8,,,0,7,136.0,16525.0,1046.0,785,798.0,2007836.5,2012932.5,,790,7,3,0,2009684.5,2009712.5,29.0,丙寅,35
0,庚午年三月八日,0,6,7,3,8,,,0,7,136.0,16525.0,1046.0,785,798.0,2007836.5,2012932.5,,790,7,4,0,2009713.5,2009742.5,30.0,丙申,4
0,庚午年三月八日,0,6,7,3,8,,,0,7,136.0,16525.0,1046.0,785,798.0,2007836.5,2012932.5,,790,7,4,1,2009743.5,2009771.5,29.0,乙丑,34
0,庚午年三月八日,0,6,7,3,8,,,0,7,136.0,16525.0,1046.0,785,798.0,2007836.5,2012932.5,,790,7,5,0,2009772.5,2009801.5,30.0,乙未,3
0,庚午年三月八日,0,6,7,3,8,,,0,7,136.0,16525.0,1046.0,785,798.0,2007836.5,2012932.5,,790,7,6,0,2009802.5,2009830.5,29.0,甲子,33
0,庚午年三月八日,0,6,7,3,8,,,0,7,136.0,16525.0,1046.0,785,798.0,2007836.5,2012932.5,,790,7,7,0,2009831.5,2009859.5,29.0,癸巳,2
0,庚午年三月八日,0,6,7,3,8,,,0,7,136.0,16525.0,1046.0,785,798.0,2007836.5,2012932.5,,790,7,8,0,2009860.5,2009889.5,30.0,ERROR,31
0,庚午年三月八日,0,6,7,3,8,,,0,7,136.0,16525.0,1046.0,785,798.0,2007836.5,2012932.5,,790,7,9,0,2009890.5,2009918.5,29.0,壬辰,1
0,庚午年三月八日,0,6,7,3,8,,,0,7,136.0,16525.0,1046.0,785,798.0,2007836.5,2012932.5,,790,7,10,0,2009919.5,2009948.5,30.0,壬戌,30
0,庚午年三月八日,0,6,7,3,8,,,0,7,136.0,16525.0,1046.0,785,798.0,2007836.5,2012932.5,,790,7,11,0,2009949.5,2009977.5,29.0,辛卯,60
0,庚午年三月八日,0,6,7,3,8,,,0,7,136.0,16525.0,1046.0,785,798.0,2007836.5,2012932.5,,790,7,12,0,2009978.5,2010007.5,30.0,辛酉,29
